,dataset,config,accuracy_mean,accuracy_std,mean_time
0,ACSF1,baseline_1x10000,0.87,,1.0353084999951534
1,ACSF1,ensemble_3x5000,0.88,,1.5848036000388674
2,ACSF1,ensemble_5x2000,0.87,,1.0939502000110224
3,ACSF1,ensemble_5x5000,0.91,,2.652010900026653
4,Adiac,baseline_1x10000,0.7851662404092071,,0.6448678000015207
5,Adiac,ensemble_3x5000,0.7851662404092071,,1.022840699995868
6,Adiac,ensemble_5x2000,0.7851662404092071,,0.9129666999797337
7,Adiac,ensemble_5x5000,0.7902813299232737,,1.7332499999902211
8,AllGestureWiimoteX,baseline_1x10000,0.7271428571428571,,1.75277029996505
9,AllGestureWiimoteX,ensemble_3x5000,0.7014285714285714,,2.6634959999937564
10,AllGestureWiimoteX,ensemble_5x2000,0.7257142857142858,,1.8373304000124335
11,AllGestureWiimoteX,ensemble_5x5000,0.6971428571428572,,4.401762800000142
12,AllGestureWiimoteY,baseline_1x10000,0.7314285714285714,,1.767113399982918
13,AllGestureWiimoteY,ensemble_3x5000,0.7457142857142857,,2.692267599981278
14,AllGestureWiimoteY,ensemble_5x2000,0.7271428571428571,,1.8404063999769278
15,AllGestureWiimoteY,ensemble_5x5000,0.7357142857142858,,4.406102299981285
16,AllGestureWiimoteZ,baseline_1x10000,0.7114285714285714,,1.752518900029827
17,AllGestureWiimoteZ,ensemble_3x5000,0.7,,2.662421800021548
18,AllGestureWiimoteZ,ensemble_5x2000,0.7014285714285714,,1.834527600032743
19,AllGestureWiimoteZ,ensemble_5x5000,0.7085714285714285,,4.423461799975485
20,ArrowHead,baseline_1x10000,0.8,,0.2147899999981746
21,ArrowHead,ensemble_3x5000,0.8,,0.32304510002722964
22,ArrowHead,ensemble_5x2000,0.8,,0.22538519999943674
23,ArrowHead,ensemble_5x5000,0.8114285714285714,,0.5551615000003949
24,BME,baseline_1x10000,1.0,,0.11709879996487871
25,BME,ensemble_3x5000,1.0,,0.18802750000031665
26,BME,ensemble_5x2000,1.0,,0.11534600000595674
27,BME,ensemble_5x5000,1.0,,0.29734820005251095
28,Beef,baseline_1x10000,0.8,,0.14586899999994785
29,Beef,ensemble_3x5000,0.8,,0.22033479996025562
30,Beef,ensemble_5x2000,0.8333333333333334,,0.14396890002535656
31,Beef,ensemble_5x5000,0.8,,0.3611085999873467
32,BeetleFly,baseline_1x10000,0.9,,0.08486799994716421
33,BeetleFly,ensemble_3x5000,0.9,,0.13639509998029098
34,BeetleFly,ensemble_5x2000,0.9,,0.08767809998244047
35,BeetleFly,ensemble_5x5000,0.9,,0.21924700000090525
36,BirdChicken,baseline_1x10000,0.9,,0.09155690000625327
37,BirdChicken,ensemble_3x5000,0.9,,0.13763579999795184
38,BirdChicken,ensemble_5x2000,0.9,,0.08766449999529868
39,BirdChicken,ensemble_5x5000,0.9,,0.2232607000041753
40,CBF,baseline_1x10000,1.0,,0.5019354000105523
41,CBF,ensemble_3x5000,1.0,,0.7855589999817312
42,CBF,ensemble_5x2000,1.0,,0.5290494000073522
43,CBF,ensemble_5x5000,1.0,,1.27328739996301
44,Car,baseline_1x10000,0.9,,0.2733288000454195
45,Car,ensemble_3x5000,0.8833333333333333,,0.41069540003081784
46,Car,ensemble_5x2000,0.8833333333333333,,0.2847734999959357
47,Car,ensemble_5x5000,0.9,,0.6861983999842778
48,Chinatown,baseline_1x10000,0.9825072886297376,,0.0875201000017114
49,Chinatown,ensemble_3x5000,0.9825072886297376,,0.14255520002916455
50,Chinatown,ensemble_5x2000,0.9825072886297376,,0.09693999995943159
51,Chinatown,ensemble_5x5000,0.9825072886297376,,0.238904099969659
52,ChlorineConcentration,baseline_1x10000,0.8197916666666667,,2.671181300014723
53,ChlorineConcentration,ensemble_3x5000,0.8018229166666667,,4.219805200002156
54,ChlorineConcentration,ensemble_5x2000,0.7700520833333333,,3.113517599995248
55,ChlorineConcentration,ensemble_5x5000,0.803125,,6.997463399951812
56,CinCECGTorso,baseline_1x10000,0.8471014492753624,,7.087398799951188
57,CinCECGTorso,ensemble_3x5000,0.8398550724637681,,10.71345849998761
58,CinCECGTorso,ensemble_5x2000,0.827536231884058,,7.175313299987465
59,CinCECGTorso,ensemble_5x5000,0.8311594202898551,,17.806290700042155
60,Coffee,baseline_1x10000,1.0,,0.09127899998566136
61,Coffee,ensemble_3x5000,1.0,,0.13954390003345907
62,Coffee,ensemble_5x2000,1.0,,0.0945806999807246
63,Coffee,ensemble_5x5000,1.0,,0.23442570003680885
64,Computers,baseline_1x10000,0.784,,1.2395900000119582
65,Computers,ensemble_3x5000,0.78,,1.9057338000275195
66,Computers,ensemble_5x2000,0.78,,1.315643900015857
67,Computers,ensemble_5x5000,0.76,,3.120893499988597
68,CricketX,baseline_1x10000,0.8205128205128205,,0.9284739000140689
69,CricketX,ensemble_3x5000,0.8179487179487179,,1.4684355999925174
70,CricketX,ensemble_5x2000,0.7948717948717948,,1.2143232999951579
71,CricketX,ensemble_5x5000,0.8205128205128205,,2.4168327000224963
72,CricketY,baseline_1x10000,0.8487179487179487,,0.9339222999988124
73,CricketY,ensemble_3x5000,0.8487179487179487,,1.4372504000202753
74,CricketY,ensemble_5x2000,0.841025641025641,,1.2713960999972187
75,CricketY,ensemble_5x5000,0.8487179487179487,,2.4269824999500997
76,CricketZ,baseline_1x10000,0.8487179487179487,,0.9180338000296615
77,CricketZ,ensemble_3x5000,0.8538461538461538,,1.4354322999715805
78,CricketZ,ensemble_5x2000,0.8461538461538461,,1.2175401999847963
79,CricketZ,ensemble_5x5000,0.8589743589743589,,2.4089434999623336
80,Crop,baseline_1x10000,0.7772023809523809,,18.994309000030626
81,Crop,ensemble_3x5000,0.771547619047619,,45.332154500007164
82,Crop,ensemble_5x2000,0.7532142857142857,,72.34401200001594
83,Crop,ensemble_5x5000,0.7720833333333333,,75.45989100000588
84,DiatomSizeReduction,baseline_1x10000,0.9771241830065359,,0.4387687999987975
85,DiatomSizeReduction,ensemble_3x5000,0.9673202614379085,,0.6005552999558859
86,DiatomSizeReduction,ensemble_5x2000,0.9771241830065359,,0.4289293000474572
87,DiatomSizeReduction,ensemble_5x5000,0.9771241830065359,,0.992479300010018
88,DistalPhalanxOutlineAgeGroup,baseline_1x10000,0.7410071942446043,,0.336143400054425
89,DistalPhalanxOutlineAgeGroup,ensemble_3x5000,0.7553956834532374,,0.5892214000341482
90,DistalPhalanxOutlineAgeGroup,ensemble_5x2000,0.7338129496402878,,0.5058106000069529
91,DistalPhalanxOutlineAgeGroup,ensemble_5x5000,0.7482014388489209,,0.9368080000276677
92,DistalPhalanxOutlineCorrect,baseline_1x10000,0.7717391304347826,,0.5184808000340126
93,DistalPhalanxOutlineCorrect,ensemble_3x5000,0.7789855072463768,,0.9472418999648653
94,DistalPhalanxOutlineCorrect,ensemble_5x2000,0.7717391304347826,,0.9834447000175714
95,DistalPhalanxOutlineCorrect,ensemble_5x5000,0.7753623188405797,,1.5457369000068866
96,DistalPhalanxTW,baseline_1x10000,0.697841726618705,,0.32182579999789596
97,DistalPhalanxTW,ensemble_3x5000,0.7050359712230215,,0.5608231999794953
98,DistalPhalanxTW,ensemble_5x2000,0.6834532374100719,,0.6125486000091769
99,DistalPhalanxTW,ensemble_5x5000,0.7122302158273381,,0.9251329000107944
100,DodgerLoopDay,baseline_1x10000,0.5125,,0.2172483000322245
101,DodgerLoopDay,ensemble_3x5000,0.55,,0.3005835000076331
102,DodgerLoopDay,ensemble_5x2000,0.525,,0.21332989999791607
103,DodgerLoopDay,ensemble_5x5000,0.5375,,0.519958300050348
104,DodgerLoopGame,baseline_1x10000,0.8623188405797102,,0.16893329995218664
105,DodgerLoopGame,ensemble_3x5000,0.8695652173913043,,0.25783529999898747
106,DodgerLoopGame,ensemble_5x2000,0.8695652173913043,,0.1775340000167489
107,DodgerLoopGame,ensemble_5x5000,0.8768115942028986,,0.42807269998593256
108,DodgerLoopWeekend,baseline_1x10000,0.9637681159420289,,0.1701823000330478
109,DodgerLoopWeekend,ensemble_3x5000,0.9637681159420289,,0.2664475000347011
110,DodgerLoopWeekend,ensemble_5x2000,0.9637681159420289,,0.18084709998220205
111,DodgerLoopWeekend,ensemble_5x5000,0.9637681159420289,,0.4359110000077635
112,ECG200,baseline_1x10000,0.91,,0.11865910002961755
113,ECG200,ensemble_3x5000,0.92,,0.18065409996779636
114,ECG200,ensemble_5x2000,0.91,,0.14153739996254444
115,ECG200,ensemble_5x5000,0.92,,0.296584099996835
116,ECG5000,baseline_1x10000,0.9473333333333334,,2.7203081999905407
117,ECG5000,ensemble_3x5000,0.948,,4.343240599962883
118,ECG5000,ensemble_5x2000,0.946,,3.19401639996795
119,ECG5000,ensemble_5x5000,0.9475555555555556,,7.146306000009645
120,ECGFiveDays,baseline_1x10000,1.0,,0.4899534999858588
121,ECGFiveDays,ensemble_3x5000,1.0,,0.761917199997697
122,ECGFiveDays,ensemble_5x2000,1.0,,0.5079627999803051
123,ECGFiveDays,ensemble_5x5000,1.0,,1.2512880000285804
124,EOGHorizontalSignal,baseline_1x10000,0.5828729281767956,,2.9593496000161394
125,EOGHorizontalSignal,ensemble_3x5000,0.5883977900552486,,4.431315800000448
126,EOGHorizontalSignal,ensemble_5x2000,0.5773480662983426,,3.1519835999934003
127,EOGHorizontalSignal,ensemble_5x5000,0.5773480662983426,,7.517526899988297
128,EOGVerticalSignal,baseline_1x10000,0.5552486187845304,,2.94707880000351
129,EOGVerticalSignal,ensemble_3x5000,0.5441988950276243,,4.51388099999167
130,EOGVerticalSignal,ensemble_5x2000,0.5441988950276243,,3.167285500036087
131,EOGVerticalSignal,ensemble_5x5000,0.5414364640883977,,7.464796699990984
132,Earthquakes,baseline_1x10000,0.7482014388489209,,0.8759842999861576
133,Earthquakes,ensemble_3x5000,0.7482014388489209,,1.3582550999708474
134,Earthquakes,ensemble_5x2000,0.7482014388489209,,0.9886283000232652
135,Earthquakes,ensemble_5x5000,0.7553956834532374,,2.254159800009802
136,ElectricDevices,baseline_1x10000,0.726235248346518,,30.370150599977933
137,ElectricDevices,ensemble_3x5000,0.7316820127091168,,77.91521399997873
138,ElectricDevices,ensemble_5x2000,0.7324601219037739,,52.34415100002661
139,ElectricDevices,ensemble_5x5000,0.7377772014005965,,130.02697810000973
140,EthanolLevel,baseline_1x10000,0.576,,5.496350500034168
141,EthanolLevel,ensemble_3x5000,0.582,,8.39046970003983
142,EthanolLevel,ensemble_5x2000,0.582,,5.983211599988863
143,EthanolLevel,ensemble_5x5000,0.59,,13.919149100023787
144,FaceAll,baseline_1x10000,0.9479289940828403,,1.3210805000271648
145,FaceAll,ensemble_3x5000,0.9491124260355029,,2.170627399988007
146,FaceAll,ensemble_5x2000,0.9449704142011834,,1.723025500017684
147,FaceAll,ensemble_5x5000,0.9461538461538461,,3.5815717999939807
148,FaceFour,baseline_1x10000,0.9772727272727273,,0.15020219999132678
149,FaceFour,ensemble_3x5000,0.9772727272727273,,0.22666690003825352
150,FaceFour,ensemble_5x2000,0.9772727272727273,,0.15626999997766688
151,FaceFour,ensemble_5x5000,0.9772727272727273,,0.37819560000207275
152,FacesUCR,baseline_1x10000,0.9609756097560975,,1.1737270000157878
153,FacesUCR,ensemble_3x5000,0.9619512195121951,,1.865908199979458
154,FacesUCR,ensemble_5x2000,0.9614634146341463,,1.2800917999702506
155,FacesUCR,ensemble_5x5000,0.9619512195121951,,3.055274999991525
156,FiftyWords,baseline_1x10000,0.8285714285714286,,1.0296198999858461
157,FiftyWords,ensemble_3x5000,0.8241758241758241,,1.6219763000262901
158,FiftyWords,ensemble_5x2000,0.8285714285714286,,1.4359616999863647
159,FiftyWords,ensemble_5x5000,0.8219780219780219,,2.6390122000011615
160,Fish,baseline_1x10000,0.9828571428571429,,0.6123463999829255
161,Fish,ensemble_3x5000,0.9828571428571429,,0.9392615000251681
162,Fish,ensemble_5x2000,0.9771428571428571,,0.6441809000098146
163,Fish,ensemble_5x5000,0.9828571428571429,,1.5674111999687739
164,FordA,baseline_1x10000,0.9378787878787879,,10.278201800014358
165,FordA,ensemble_3x5000,0.9416666666666667,,18.32333350001136
166,FordA,ensemble_5x2000,0.9492424242424242,,17.51883999997517
167,FordA,ensemble_5x5000,0.9454545454545454,,30.27610439999262
168,FordB,baseline_1x10000,0.8074074074074075,,9.443952700006776
169,FordB,ensemble_3x5000,0.8049382716049382,,16.964326400018763
170,FordB,ensemble_5x2000,0.8111111111111111,,16.817271000007167
171,FordB,ensemble_5x5000,0.817283950617284,,28.206624799990095
172,FreezerRegularTrain,baseline_1x10000,0.9978947368421053,,3.0424954000045545
173,FreezerRegularTrain,ensemble_3x5000,0.9978947368421053,,4.655890800000634
174,FreezerRegularTrain,ensemble_5x2000,0.9978947368421053,,3.1292466999730095
175,FreezerRegularTrain,ensemble_5x5000,0.9978947368421053,,7.718898500024807
176,FreezerSmallTrain,baseline_1x10000,0.9449122807017544,,2.8841891000047326
177,FreezerSmallTrain,ensemble_3x5000,0.9526315789473684,,4.391797599964775
178,FreezerSmallTrain,ensemble_5x2000,0.9494736842105264,,2.9599886999931186
179,FreezerSmallTrain,ensemble_5x5000,0.9494736842105264,,7.356753700005356
180,Fungi,baseline_1x10000,1.0,,0.19053869997151196
181,Fungi,ensemble_3x5000,1.0,,0.25702100002672523
182,Fungi,ensemble_5x2000,0.9946236559139785,,0.17431830003624782
183,Fungi,ensemble_5x5000,1.0,,0.48598679999122396
184,GestureMidAirD1,baseline_1x10000,0.7769230769230769,,0.4834289000136778
185,GestureMidAirD1,ensemble_3x5000,0.7538461538461538,,0.7574473000131547
186,GestureMidAirD1,ensemble_5x2000,0.7769230769230769,,0.5206666000303812
187,GestureMidAirD1,ensemble_5x5000,0.7538461538461538,,1.265126699989196
188,GestureMidAirD2,baseline_1x10000,0.6615384615384615,,0.5041027000406757
189,GestureMidAirD2,ensemble_3x5000,0.6615384615384615,,0.7732963000307791
190,GestureMidAirD2,ensemble_5x2000,0.6615384615384615,,0.51705220004078
191,GestureMidAirD2,ensemble_5x5000,0.6692307692307692,,1.2591339999926277
192,GestureMidAirD3,baseline_1x10000,0.4846153846153846,,0.4911022000014782
193,GestureMidAirD3,ensemble_3x5000,0.5153846153846153,,0.754094299976714
194,GestureMidAirD3,ensemble_5x2000,0.5153846153846153,,0.5216397999902256
195,GestureMidAirD3,ensemble_5x5000,0.5230769230769231,,1.29042199999094
196,GesturePebbleZ1,baseline_1x10000,0.9011627906976745,,0.5233055999851786
197,GesturePebbleZ1,ensemble_3x5000,0.8953488372093024,,0.7988743000314571
198,GesturePebbleZ1,ensemble_5x2000,0.9011627906976745,,0.5333495000377297
199,GesturePebbleZ1,ensemble_5x5000,0.8895348837209303,,1.3337748000049032
200,GesturePebbleZ2,baseline_1x10000,0.7911392405063291,,0.5299341999925673
201,GesturePebbleZ2,ensemble_3x5000,0.810126582278481,,0.8043983000097796
202,GesturePebbleZ2,ensemble_5x2000,0.8037974683544303,,0.5379153999965638
203,GesturePebbleZ2,ensemble_5x5000,0.7911392405063291,,1.3257658000220545
204,GunPoint,baseline_1x10000,1.0,,0.14127919997554272
205,GunPoint,ensemble_3x5000,1.0,,0.22485790000064299
206,GunPoint,ensemble_5x2000,1.0,,0.15508580004097894
207,GunPoint,ensemble_5x5000,1.0,,0.3650990999885835
208,GunPointAgeSpan,baseline_1x10000,0.990506329113924,,0.3136697000009008
209,GunPointAgeSpan,ensemble_3x5000,0.990506329113924,,0.47132309997687116
210,GunPointAgeSpan,ensemble_5x2000,0.990506329113924,,0.33391730004223064
211,GunPointAgeSpan,ensemble_5x5000,0.9936708860759493,,0.8002801000257023
212,GunPointMaleVersusFemale,baseline_1x10000,1.0,,0.31799579999642447
213,GunPointMaleVersusFemale,ensemble_3x5000,0.9968354430379747,,0.4729683000477962
214,GunPointMaleVersusFemale,ensemble_5x2000,0.9968354430379747,,0.33277959999395534
215,GunPointMaleVersusFemale,ensemble_5x5000,1.0,,0.7645692999940366
216,GunPointOldVersusYoung,baseline_1x10000,1.0,,0.30608599999686703
217,GunPointOldVersusYoung,ensemble_3x5000,1.0,,0.4692009999998845
218,GunPointOldVersusYoung,ensemble_5x2000,1.0,,0.3393421999644488
219,GunPointOldVersusYoung,ensemble_5x5000,1.0,,0.7844746999908239
220,Ham,baseline_1x10000,0.7333333333333333,,0.3672177999978885
221,Ham,ensemble_3x5000,0.7333333333333333,,0.5515517999883741
222,Ham,ensemble_5x2000,0.7333333333333333,,0.375825299997814
223,Ham,ensemble_5x5000,0.7238095238095238,,0.9027834000298753
224,HandOutlines,baseline_1x10000,0.9459459459459459,,11.61377320002066
225,HandOutlines,ensemble_3x5000,0.9459459459459459,,17.814337299962062
226,HandOutlines,ensemble_5x2000,0.9351351351351351,,12.648720099998172
227,HandOutlines,ensemble_5x5000,0.9432432432432433,,29.675279400020372
228,Haptics,baseline_1x10000,0.5292207792207793,,1.6503487000009045
229,Haptics,ensemble_3x5000,0.5194805194805194,,2.5268645000178367
230,Haptics,ensemble_5x2000,0.5194805194805194,,1.681877099967096
231,Haptics,ensemble_5x5000,0.5357142857142857,,4.110272700025234
232,Herring,baseline_1x10000,0.59375,,0.2613541000173427
233,Herring,ensemble_3x5000,0.625,,0.379459899966605
234,Herring,ensemble_5x2000,0.671875,,0.2682035000179894
235,Herring,ensemble_5x5000,0.640625,,0.6357966000214219
236,HouseTwenty,baseline_1x10000,0.9663865546218487,,1.0470542999682948
237,HouseTwenty,ensemble_3x5000,0.9663865546218487,,1.5785217999946326
238,HouseTwenty,ensemble_5x2000,0.9663865546218487,,1.0401674000313506
239,HouseTwenty,ensemble_5x5000,0.9663865546218487,,2.5669624999864027
240,InlineSkate,baseline_1x10000,0.47454545454545455,,3.825029800005723
241,InlineSkate,ensemble_3x5000,0.4727272727272727,,5.743341900000814
242,InlineSkate,ensemble_5x2000,0.45636363636363636,,3.9034027000307105
243,InlineSkate,ensemble_5x5000,0.4709090909090909,,9.617939300020225
244,InsectEPGRegularTrain,baseline_1x10000,1.0,,0.6529716000077315
245,InsectEPGRegularTrain,ensemble_3x5000,1.0,,0.9643039999646135
246,InsectEPGRegularTrain,ensemble_5x2000,1.0,,0.666635999979917
247,InsectEPGRegularTrain,ensemble_5x5000,1.0,,1.61755250004353
248,InsectEPGSmallTrain,baseline_1x10000,1.0,,0.5446875999914482
249,InsectEPGSmallTrain,ensemble_3x5000,1.0,,0.8282831000396982
250,InsectEPGSmallTrain,ensemble_5x2000,1.0,,0.5502274000318721
251,InsectEPGSmallTrain,ensemble_5x5000,1.0,,1.3833364000311121
252,InsectWingbeatSound,baseline_1x10000,0.6646464646464646,,1.9625789999845438
253,InsectWingbeatSound,ensemble_3x5000,0.6636363636363637,,3.0412131999619305
254,InsectWingbeatSound,ensemble_5x2000,0.6595959595959596,,2.0823067000019364
255,InsectWingbeatSound,ensemble_5x5000,0.6631313131313131,,5.000472400046419
256,ItalyPowerDemand,baseline_1x10000,0.9698736637512148,,0.24218490003840998
257,ItalyPowerDemand,ensemble_3x5000,0.9689018464528668,,0.3920475000049919
258,ItalyPowerDemand,ensemble_5x2000,0.9698736637512148,,0.28505910001695156
259,ItalyPowerDemand,ensemble_5x5000,0.9698736637512148,,0.6472102000261657
260,LargeKitchenAppliances,baseline_1x10000,0.8986666666666666,,1.863666600023862
261,LargeKitchenAppliances,ensemble_3x5000,0.8933333333333333,,2.8475908000255004
262,LargeKitchenAppliances,ensemble_5x2000,0.9066666666666666,,1.9925830999854952
263,LargeKitchenAppliances,ensemble_5x5000,0.9013333333333333,,4.7328753000474535
264,Lightning2,baseline_1x10000,0.7868852459016393,,0.3002668999833986
265,Lightning2,ensemble_3x5000,0.7704918032786885,,0.4506828999728896
266,Lightning2,ensemble_5x2000,0.7377049180327869,,0.32601380004780367
267,Lightning2,ensemble_5x5000,0.7704918032786885,,0.7397547999862581
268,Lightning7,baseline_1x10000,0.8356164383561644,,0.19132669997634366
269,Lightning7,ensemble_3x5000,0.821917808219178,,0.29405860003316775
270,Lightning7,ensemble_5x2000,0.821917808219178,,0.2102065000217408
271,Lightning7,ensemble_5x5000,0.821917808219178,,0.4861858999938704
272,Mallat,baseline_1x10000,0.9560767590618336,,7.533710999996401
273,Mallat,ensemble_3x5000,0.9573560767590619,,11.335798699990846
274,Mallat,ensemble_5x2000,0.9569296375266525,,7.672159600013401
275,Mallat,ensemble_5x5000,0.9577825159914712,,18.911739200004376
276,Meat,baseline_1x10000,0.95,,0.21749589999672025
277,Meat,ensemble_3x5000,0.95,,0.3275994000141509
278,Meat,ensemble_5x2000,0.95,,0.24454529996728525
279,Meat,ensemble_5x5000,0.95,,0.5501400000066496
280,MedicalImages,baseline_1x10000,0.7973684210526316,,0.6232568999985233
281,MedicalImages,ensemble_3x5000,0.7947368421052632,,1.0216807999531738
282,MedicalImages,ensemble_5x2000,0.7947368421052632,,0.8004505999851972
283,MedicalImages,ensemble_5x5000,0.7960526315789473,,1.6984377999906428
284,MelbournePedestrian,baseline_1x10000,0.942189421894219,,1.218126600026153
285,MelbournePedestrian,ensemble_3x5000,0.939729397293973,,2.264458400022704
286,MelbournePedestrian,ensemble_5x2000,0.9384993849938499,,2.310017300012987
287,MelbournePedestrian,ensemble_5x5000,0.939319393193932,,3.685489499999676
288,MiddlePhalanxOutlineAgeGroup,baseline_1x10000,0.551948051948052,,0.33850559999700636
289,MiddlePhalanxOutlineAgeGroup,ensemble_3x5000,0.5714285714285714,,0.5776574999908917
290,MiddlePhalanxOutlineAgeGroup,ensemble_5x2000,0.5714285714285714,,0.5345363999949768
291,MiddlePhalanxOutlineAgeGroup,ensemble_5x5000,0.5584415584415584,,0.97854559996631
292,MiddlePhalanxOutlineCorrect,baseline_1x10000,0.8384879725085911,,0.5367102000163868
293,MiddlePhalanxOutlineCorrect,ensemble_3x5000,0.8281786941580757,,0.9473220999934711
294,MiddlePhalanxOutlineCorrect,ensemble_5x2000,0.852233676975945,,0.8859420000226237
295,MiddlePhalanxOutlineCorrect,ensemble_5x5000,0.8316151202749141,,1.5542573999846354
296,MiddlePhalanxTW,baseline_1x10000,0.551948051948052,,0.3534294000128284
297,MiddlePhalanxTW,ensemble_3x5000,0.5584415584415584,,0.5670312000438571
298,MiddlePhalanxTW,ensemble_5x2000,0.5714285714285714,,0.5771998999989592
299,MiddlePhalanxTW,ensemble_5x5000,0.564935064935065,,0.984429000003729
300,MixedShapesRegularTrain,baseline_1x10000,0.9727835051546392,,9.307386200001929
301,MixedShapesRegularTrain,ensemble_3x5000,0.9707216494845361,,14.063197100011166
302,MixedShapesRegularTrain,ensemble_5x2000,0.971958762886598,,9.633702000021003
303,MixedShapesRegularTrain,ensemble_5x5000,0.9723711340206186,,23.532493599981535
304,MixedShapesSmallTrain,baseline_1x10000,0.9377319587628866,,7.964861100015696
305,MixedShapesSmallTrain,ensemble_3x5000,0.9393814432989691,,12.002663800027221
306,MixedShapesSmallTrain,ensemble_5x2000,0.9385567010309278,,8.066263299959246
307,MixedShapesSmallTrain,ensemble_5x5000,0.9397938144329897,,19.95834080001805
308,MoteStrain,baseline_1x10000,0.9161341853035144,,0.4950869000167586
309,MoteStrain,ensemble_3x5000,0.9145367412140575,,0.7721230000024661
310,MoteStrain,ensemble_5x2000,0.9161341853035144,,0.5094293000292964
311,MoteStrain,ensemble_5x5000,0.9169329073482428,,1.2862352000083774
312,NonInvasiveFetalECGThorax1,baseline_1x10000,0.9552162849872774,,9.491906100010965
313,NonInvasiveFetalECGThorax1,ensemble_3x5000,0.9536895674300254,,15.16771880001761
314,NonInvasiveFetalECGThorax1,ensemble_5x2000,0.9496183206106871,,11.728055700019468
315,NonInvasiveFetalECGThorax1,ensemble_5x5000,0.9541984732824428,,25.136357499985024
316,NonInvasiveFetalECGThorax2,baseline_1x10000,0.9633587786259542,,9.539137799991295
317,NonInvasiveFetalECGThorax2,ensemble_3x5000,0.9653944020356234,,15.104218400025275
318,NonInvasiveFetalECGThorax2,ensemble_5x2000,0.9643765903307888,,11.778174499981105
319,NonInvasiveFetalECGThorax2,ensemble_5x5000,0.9674300254452927,,25.398581799992826
320,OSULeaf,baseline_1x10000,0.9504132231404959,,0.7003513000090607
321,OSULeaf,ensemble_3x5000,0.9338842975206612,,1.042884700000286
322,OSULeaf,ensemble_5x2000,0.9380165289256198,,0.7487003999995068
323,OSULeaf,ensemble_5x5000,0.9380165289256198,,1.778519999992568
324,OliveOil,baseline_1x10000,0.9333333333333333,,0.16371240001171827
325,OliveOil,ensemble_3x5000,0.9333333333333333,,0.2646758999908343
326,OliveOil,ensemble_5x2000,0.9333333333333333,,0.17397099995287135
327,OliveOil,ensemble_5x5000,0.9333333333333333,,0.4381225000252016
328,PLAID,baseline_1x10000,0.7281191806331471,,4.651421499962453
329,PLAID,ensemble_3x5000,0.7783985102420856,,7.098185700015165
330,PLAID,ensemble_5x2000,0.7299813780260708,,5.0099444999941625
331,PLAID,ensemble_5x5000,0.776536312849162,,11.81247819995042
332,PhalangesOutlinesCorrect,baseline_1x10000,0.8321678321678322,,1.788477900030557
333,PhalangesOutlinesCorrect,ensemble_3x5000,0.8321678321678322,,3.498911499977112
334,PhalangesOutlinesCorrect,ensemble_5x2000,0.8100233100233101,,3.8768445000168867
335,PhalangesOutlinesCorrect,ensemble_5x5000,0.8344988344988346,,5.811422099999618
336,Phoneme,baseline_1x10000,0.27848101265822783,,6.665328400034923
337,Phoneme,ensemble_3x5000,0.2800632911392405,,10.031692899996415
338,Phoneme,ensemble_5x2000,0.29483122362869196,,6.835814099991694
339,Phoneme,ensemble_5x5000,0.28375527426160335,,16.68348430003971
340,PickupGestureWiimoteZ,baseline_1x10000,0.8,,0.1677557000075467
341,PickupGestureWiimoteZ,ensemble_3x5000,0.8,,0.2588196999859065
342,PickupGestureWiimoteZ,ensemble_5x2000,0.8,,0.17872279998846352
343,PickupGestureWiimoteZ,ensemble_5x5000,0.78,,0.42620039999019355
344,PigAirwayPressure,baseline_1x10000,0.8076923076923077,,2.0305977999814786
345,PigAirwayPressure,ensemble_3x5000,0.8413461538461539,,3.111370900005568
346,PigAirwayPressure,ensemble_5x2000,0.7740384615384616,,2.079233500000555
347,PigAirwayPressure,ensemble_5x5000,0.8509615384615384,,5.1367373000248335
348,PigArtPressure,baseline_1x10000,0.9567307692307693,,2.0349679000210017
349,PigArtPressure,ensemble_3x5000,0.9567307692307693,,3.0880224999855272
350,PigArtPressure,ensemble_5x2000,0.9567307692307693,,2.0882406000164337
351,PigArtPressure,ensemble_5x5000,0.9567307692307693,,5.1389572999905795
352,PigCVP,baseline_1x10000,0.9326923076923077,,2.0423245999845676
353,PigCVP,ensemble_3x5000,0.9326923076923077,,3.1038594000274315
354,PigCVP,ensemble_5x2000,0.9326923076923077,,2.080318599997554
355,PigCVP,ensemble_5x5000,0.9326923076923077,,5.147600099968258
356,Plane,baseline_1x10000,1.0,,0.15647659997921437
357,Plane,ensemble_3x5000,1.0,,0.2441100999712944
358,Plane,ensemble_5x2000,1.0,,0.1744984000106342
359,Plane,ensemble_5x5000,1.0,,0.40892339998390526
360,PowerCons,baseline_1x10000,0.9944444444444445,,0.25725349999265745
361,PowerCons,ensemble_3x5000,0.9833333333333333,,0.4225381999858655
362,PowerCons,ensemble_5x2000,0.9833333333333333,,0.28715499996906146
363,PowerCons,ensemble_5x5000,0.9833333333333333,,0.6740036999690346
364,ProximalPhalanxOutlineAgeGroup,baseline_1x10000,0.8585365853658536,,0.36383940000087023
365,ProximalPhalanxOutlineAgeGroup,ensemble_3x5000,0.8634146341463415,,0.6138986999867484
366,ProximalPhalanxOutlineAgeGroup,ensemble_5x2000,0.8634146341463415,,0.5800407999777235
367,ProximalPhalanxOutlineAgeGroup,ensemble_5x5000,0.8682926829268293,,1.0130480999941938
368,ProximalPhalanxOutlineCorrect,baseline_1x10000,0.8969072164948454,,0.5413809000165202
369,ProximalPhalanxOutlineCorrect,ensemble_3x5000,0.9003436426116839,,0.9648119999910705
370,ProximalPhalanxOutlineCorrect,ensemble_5x2000,0.8831615120274914,,0.9252166000078432
371,ProximalPhalanxOutlineCorrect,ensemble_5x5000,0.9003436426116839,,1.5490601999918
372,ProximalPhalanxTW,baseline_1x10000,0.8,,0.37006749998545274
373,ProximalPhalanxTW,ensemble_3x5000,0.8097560975609757,,0.5895869000232778
374,ProximalPhalanxTW,ensemble_5x2000,0.824390243902439,,0.6587979000178166
375,ProximalPhalanxTW,ensemble_5x5000,0.8146341463414634,,0.9892956999829039
376,RefrigerationDevices,baseline_1x10000,0.5386666666666666,,1.84908000001451
377,RefrigerationDevices,ensemble_3x5000,0.528,,2.832366999995429
378,RefrigerationDevices,ensemble_5x2000,0.5253333333333333,,2.0344276999821886
379,RefrigerationDevices,ensemble_5x5000,0.544,,4.712429900013376
380,Rock,baseline_1x10000,0.68,,0.7578023999813013
381,Rock,ensemble_3x5000,0.68,,1.1935047999722883
382,Rock,ensemble_5x2000,0.68,,0.7927044000243768
383,Rock,ensemble_5x5000,0.7,,1.9514377000159584
384,ScreenType,baseline_1x10000,0.49066666666666664,,1.8586891000159085
385,ScreenType,ensemble_3x5000,0.49066666666666664,,2.8612181000062265
386,ScreenType,ensemble_5x2000,0.48,,2.000502899987623
387,ScreenType,ensemble_5x5000,0.49066666666666664,,4.72502109996276
388,SemgHandGenderCh2,baseline_1x10000,0.8983333333333333,,4.252023299981374
389,SemgHandGenderCh2,ensemble_3x5000,0.8983333333333333,,6.4080606999923475
390,SemgHandGenderCh2,ensemble_5x2000,0.8966666666666666,,4.378086599987
391,SemgHandGenderCh2,ensemble_5x5000,0.9083333333333333,,10.693098200019449
392,SemgHandMovementCh2,baseline_1x10000,0.5755555555555556,,4.306283300044015
393,SemgHandMovementCh2,ensemble_3x5000,0.5888888888888889,,6.50967950001359
394,SemgHandMovementCh2,ensemble_5x2000,0.5911111111111111,,4.66250089998357
395,SemgHandMovementCh2,ensemble_5x5000,0.6088888888888889,,10.8717742000008
396,SemgHandSubjectCh2,baseline_1x10000,0.8444444444444444,,4.293305400002282
397,SemgHandSubjectCh2,ensemble_3x5000,0.8533333333333334,,6.528999899979681
398,SemgHandSubjectCh2,ensemble_5x2000,0.8133333333333334,,4.669368200004101
399,SemgHandSubjectCh2,ensemble_5x5000,0.84,,10.899978099972941
400,ShakeGestureWiimoteZ,baseline_1x10000,0.94,,0.1745271000545472
401,ShakeGestureWiimoteZ,ensemble_3x5000,0.92,,0.2768070999882184
402,ShakeGestureWiimoteZ,ensemble_5x2000,0.92,,0.1953687000204809
403,ShakeGestureWiimoteZ,ensemble_5x5000,0.92,,0.46560840000165626
404,ShapeletSim,baseline_1x10000,1.0,,0.355548000021372
405,ShapeletSim,ensemble_3x5000,1.0,,0.5407793000340462
406,ShapeletSim,ensemble_5x2000,1.0,,0.35484389995690435
407,ShapeletSim,ensemble_5x5000,1.0,,0.886231400014367
408,ShapesAll,baseline_1x10000,0.9033333333333333,,2.1815850000130013
409,ShapesAll,ensemble_3x5000,0.905,,3.388961900025606
410,ShapesAll,ensemble_5x2000,0.9066666666666666,,2.5737708000233397
411,ShapesAll,ensemble_5x5000,0.9083333333333333,,5.773352800053544
412,SmallKitchenAppliances,baseline_1x10000,0.816,,1.863442700006999
413,SmallKitchenAppliances,ensemble_3x5000,0.816,,2.824956199969165
414,SmallKitchenAppliances,ensemble_5x2000,0.816,,2.0161874999757856
415,SmallKitchenAppliances,ensemble_5x5000,0.8186666666666667,,4.7283806999912485
416,SmoothSubspace,baseline_1x10000,0.9733333333333334,,0.09431230003247038
417,SmoothSubspace,ensemble_3x5000,0.9733333333333334,,0.15255810000235215
418,SmoothSubspace,ensemble_5x2000,0.9733333333333334,,0.11640719999559224
419,SmoothSubspace,ensemble_5x5000,0.9733333333333334,,0.25935589999426156
420,SonyAIBORobotSurface1,baseline_1x10000,0.9234608985024958,,0.22850909997941926
421,SonyAIBORobotSurface1,ensemble_3x5000,0.9201331114808652,,0.34714600001461804
422,SonyAIBORobotSurface1,ensemble_5x2000,0.9201331114808652,,0.23130360001232475
423,SonyAIBORobotSurface1,ensemble_5x5000,0.9201331114808652,,0.5990983000374399
424,SonyAIBORobotSurface2,baseline_1x10000,0.9223504721930745,,0.34000369999557734
425,SonyAIBORobotSurface2,ensemble_3x5000,0.9139559286463799,,0.5160712000215426
426,SonyAIBORobotSurface2,ensemble_5x2000,0.9108079748163693,,0.3574386999825947
427,SonyAIBORobotSurface2,ensemble_5x5000,0.9223504721930745,,0.877141400007531
428,StarLightCurves,baseline_1x10000,0.982030111704711,,29.00244140002178
429,StarLightCurves,ensemble_3x5000,0.9810587663914522,,43.746861700026784
430,StarLightCurves,ensemble_5x2000,0.9813016027197669,,30.17896779999137
431,StarLightCurves,ensemble_5x5000,0.9809373482272948,,72.81756550003774
432,Strawberry,baseline_1x10000,0.981081081081081,,1.0423515000147745
433,Strawberry,ensemble_3x5000,0.9783783783783784,,1.691451099992264
434,Strawberry,ensemble_5x2000,0.981081081081081,,1.467930199985858
435,Strawberry,ensemble_5x5000,0.9783783783783784,,2.7841124999686144
436,SwedishLeaf,baseline_1x10000,0.9632,,0.7163407999905758
437,SwedishLeaf,ensemble_3x5000,0.9648,,1.234872600005474
438,SwedishLeaf,ensemble_5x2000,0.9648,,1.1100583999650553
439,SwedishLeaf,ensemble_5x5000,0.9648,,2.0264819000149146
440,Symbols,baseline_1x10000,0.9738693467336683,,1.3622325000469573
441,Symbols,ensemble_3x5000,0.9738693467336683,,2.0582086999784224
442,Symbols,ensemble_5x2000,0.9738693467336683,,1.3782041000085883
443,Symbols,ensemble_5x5000,0.9758793969849247,,3.4143519999925047
444,SyntheticControl,baseline_1x10000,1.0,,0.29096889996435493
445,SyntheticControl,ensemble_3x5000,1.0,,0.4841164999525063
446,SyntheticControl,ensemble_5x2000,1.0,,0.3811617000028491
447,SyntheticControl,ensemble_5x5000,1.0,,0.7608336999546736
448,ToeSegmentation1,baseline_1x10000,0.9605263157894737,,0.2789943999960087
449,ToeSegmentation1,ensemble_3x5000,0.9605263157894737,,0.43377120001241565
450,ToeSegmentation1,ensemble_5x2000,0.9649122807017544,,0.29416910000145435
451,ToeSegmentation1,ensemble_5x5000,0.9649122807017544,,0.715437600039877
452,ToeSegmentation2,baseline_1x10000,0.9153846153846154,,0.22294780000811443
453,ToeSegmentation2,ensemble_3x5000,0.9307692307692308,,0.34039909997954965
454,ToeSegmentation2,ensemble_5x2000,0.9153846153846154,,0.23816369997803122
455,ToeSegmentation2,ensemble_5x5000,0.9153846153846154,,0.5741941000451334
456,Trace,baseline_1x10000,1.0,,0.24613589997170493
457,Trace,ensemble_3x5000,1.0,,0.3704350999905728
458,Trace,ensemble_5x2000,1.0,,0.26077799999620765
459,Trace,ensemble_5x5000,1.0,,0.6043440000503324
460,TwoLeadECG,baseline_1x10000,0.9991220368744512,,0.4651455000275746
461,TwoLeadECG,ensemble_3x5000,0.9991220368744512,,0.7013311000191607
462,TwoLeadECG,ensemble_5x2000,0.9991220368744512,,0.49309740000171587
463,TwoLeadECG,ensemble_5x5000,0.9991220368744512,,1.1437225000117905
464,TwoPatterns,baseline_1x10000,1.0,,2.7627162999706343
465,TwoPatterns,ensemble_3x5000,1.0,,4.678410900000017
466,TwoPatterns,ensemble_5x2000,1.0,,3.745698699960485
467,TwoPatterns,ensemble_5x5000,1.0,,7.505624500045087
468,UMD,baseline_1x10000,0.9861111111111112,,0.12796289997640997
469,UMD,ensemble_3x5000,0.9861111111111112,,0.1855090000317432
470,UMD,ensemble_5x2000,0.9861111111111112,,0.13251720002153888
471,UMD,ensemble_5x5000,0.9861111111111112,,0.3074104000115767
472,UWaveGestureLibraryAll,baseline_1x10000,0.9765494137353434,,13.259186699986458
473,UWaveGestureLibraryAll,ensemble_3x5000,0.9759910664433278,,20.246061499987263
474,UWaveGestureLibraryAll,ensemble_5x2000,0.9776661083193746,,14.155111700005364
475,UWaveGestureLibraryAll,ensemble_5x5000,0.9759910664433278,,33.856713699991815
476,UWaveGestureLibraryX,baseline_1x10000,0.8573422668900056,,4.993988800037187
477,UWaveGestureLibraryX,ensemble_3x5000,0.8545505304299275,,7.816289400041569
478,UWaveGestureLibraryX,ensemble_5x2000,0.8525963149078727,,5.8332928000018
479,UWaveGestureLibraryX,ensemble_5x5000,0.8548297040759353,,12.973940199997742
480,UWaveGestureLibraryY,baseline_1x10000,0.7786152987158013,,4.965630599996075
481,UWaveGestureLibraryY,ensemble_3x5000,0.7707984366275824,,7.796081200009212
482,UWaveGestureLibraryY,ensemble_5x2000,0.7761027359017308,,5.79432149999775
483,UWaveGestureLibraryY,ensemble_5x5000,0.7747068676716918,,12.982084900024347
484,UWaveGestureLibraryZ,baseline_1x10000,0.7953657174762703,,5.031658100022469
485,UWaveGestureLibraryZ,ensemble_3x5000,0.7922948073701842,,7.826931000046898
486,UWaveGestureLibraryZ,ensemble_5x2000,0.7786152987158013,,5.786789799982216
487,UWaveGestureLibraryZ,ensemble_5x5000,0.7914572864321608,,12.9912517000339
488,Wafer,baseline_1x10000,0.9983776768332252,,4.3432296999963
489,Wafer,ensemble_3x5000,0.9982154445165476,,6.980764999985695
490,Wafer,ensemble_5x2000,0.9985399091499026,,5.275586600007955
491,Wafer,ensemble_5x5000,0.9985399091499026,,11.503541699959897
492,Wine,baseline_1x10000,0.8148148148148148,,0.14232579997042194
493,Wine,ensemble_3x5000,0.8148148148148148,,0.1978120999992825
494,Wine,ensemble_5x2000,0.8148148148148148,,0.13777259999187663
495,Wine,ensemble_5x5000,0.8148148148148148,,0.3422730000456795
496,WordSynonyms,baseline_1x10000,0.7570532915360502,,0.9219124999945052
497,WordSynonyms,ensemble_3x5000,0.7586206896551724,,1.4525072000105865
498,WordSynonyms,ensemble_5x2000,0.7460815047021944,,1.0186029000324197
499,WordSynonyms,ensemble_5x5000,0.7507836990595611,,2.3891984000219963
500,Worms,baseline_1x10000,0.7272727272727273,,0.8412747000111267
501,Worms,ensemble_3x5000,0.7402597402597403,,1.2643995999824256
502,Worms,ensemble_5x2000,0.7402597402597403,,0.871138000045903
503,Worms,ensemble_5x5000,0.7402597402597403,,2.1118085000198334
504,WormsTwoClass,baseline_1x10000,0.8051948051948052,,0.8308228999958374
505,WormsTwoClass,ensemble_3x5000,0.8051948051948052,,1.2563955999794416
506,WormsTwoClass,ensemble_5x2000,0.8051948051948052,,0.8653211999917403
507,WormsTwoClass,ensemble_5x5000,0.8051948051948052,,2.094604199985042
508,Yoga,baseline_1x10000,0.908,,4.561079699953552
509,Yoga,ensemble_3x5000,0.9086666666666666,,6.960451400023885
510,Yoga,ensemble_5x2000,0.906,,4.788528300006874
511,Yoga,ensemble_5x5000,0.9056666666666666,,11.603411599993706
