,dataset,classifier,accuracy_mean,accuracy_std,train_time_mean
0,ACSF1,LinearSVC,0.87,,366.3042532999825
1,ACSF1,LogisticRegression,0.91,,0.9109948999830522
2,ACSF1,RandomForest,0.89,,0.09181800001533702
3,ACSF1,RidgeCV (baseline),0.88,,0.0309609999821987
4,Adiac,LinearSVC,0.7902813299232737,,5501.931650499988
5,Adiac,LogisticRegression,0.8260869565217391,,2.8239215999783482
6,Adiac,RandomForest,0.8005115089514067,,0.2436232000181917
7,Adiac,RidgeCV (baseline),0.7902813299232737,,0.14061830000719056
8,AllGestureWiimoteX,LinearSVC,0.7471428571428571,,1111.338463299995
9,AllGestureWiimoteX,LogisticRegression,0.7571428571428571,,2.4799227000039537
10,AllGestureWiimoteX,RandomForest,0.68,,0.13500639999983832
11,AllGestureWiimoteX,RidgeCV (baseline),0.7414285714285714,,0.10324470000341535
12,AllGestureWiimoteY,LinearSVC,0.7442857142857143,,1227.7193401000113
13,AllGestureWiimoteY,LogisticRegression,0.7257142857142858,,1.453068999981042
14,AllGestureWiimoteY,RandomForest,0.6871428571428572,,0.1436544999887701
15,AllGestureWiimoteY,RidgeCV (baseline),0.73,,0.10727060001227073
16,AllGestureWiimoteZ,LinearSVC,0.7228571428571429,,1397.8371405999933
17,AllGestureWiimoteZ,LogisticRegression,0.73,,1.5118872000020929
18,AllGestureWiimoteZ,RandomForest,0.6728571428571428,,0.13687069999286905
19,AllGestureWiimoteZ,RidgeCV (baseline),0.71,,0.10054280000622384
20,ArrowHead,LinearSVC,0.7771428571428571,,0.19021269999211654
21,ArrowHead,LogisticRegression,0.8228571428571428,,0.07138840001425706
22,ArrowHead,RandomForest,0.7657142857142857,,0.07842019997769967
23,ArrowHead,RidgeCV (baseline),0.8,,0.009644800011301413
24,BME,LinearSVC,0.9933333333333333,,0.08160659999703057
25,BME,LogisticRegression,0.9933333333333333,,0.04480780000449158
26,BME,RandomForest,0.9933333333333333,,0.07442639998043887
27,BME,RidgeCV (baseline),1.0,,0.008509599982062355
28,Beef,LinearSVC,0.7666666666666667,,12.697668499982683
29,Beef,LogisticRegression,0.7666666666666667,,0.2468022000102792
30,Beef,RandomForest,0.8333333333333334,,0.06991849999758415
31,Beef,RidgeCV (baseline),0.8333333333333334,,0.008081199979642406
32,BeetleFly,LinearSVC,0.9,,0.019335999997565523
33,BeetleFly,LogisticRegression,0.9,,0.03973370001767762
34,BeetleFly,RandomForest,0.9,,0.06277349998708814
35,BeetleFly,RidgeCV (baseline),0.9,,0.0062618000083602965
36,BirdChicken,LinearSVC,0.9,,0.017350399983115494
37,BirdChicken,LogisticRegression,0.9,,0.04779549999511801
38,BirdChicken,RandomForest,0.9,,0.06478729998343624
39,BirdChicken,RidgeCV (baseline),0.9,,0.005987400014419109
40,CBF,LinearSVC,0.9977777777777778,,0.08492069999920204
41,CBF,LogisticRegression,0.99,,0.02198979997774586
42,CBF,RandomForest,0.9977777777777778,,0.07564029999775812
43,CBF,RidgeCV (baseline),1.0,,0.008607299998402596
44,Car,LinearSVC,0.8833333333333333,,0.4900154999922961
45,Car,LogisticRegression,0.8833333333333333,,0.07791100000031292
46,Car,RandomForest,0.85,,0.08080570001038723
47,Car,RidgeCV (baseline),0.9,,0.015173799998592585
48,Chinatown,LinearSVC,0.9795918367346939,,0.013959000003524125
49,Chinatown,LogisticRegression,0.9825072886297376,,0.04062440001871437
50,Chinatown,RandomForest,0.9795918367346939,,0.05791279999539256
51,Chinatown,RidgeCV (baseline),0.9825072886297376,,0.006447399995522574
52,ChlorineConcentration,LinearSVC,0.8114583333333333,,292.8011916000105
53,ChlorineConcentration,LogisticRegression,0.8010416666666667,,2.2587186000018846
54,ChlorineConcentration,RandomForest,0.6794270833333333,,0.22919239997281693
55,ChlorineConcentration,RidgeCV (baseline),0.8140625,,0.16381870000623167
56,CinCECGTorso,LinearSVC,0.8028985507246377,,5.351639800006524
57,CinCECGTorso,LogisticRegression,0.7963768115942029,,0.23010610000346787
58,CinCECGTorso,RandomForest,0.7521739130434782,,0.06934639997780323
59,CinCECGTorso,RidgeCV (baseline),0.8376811594202899,,0.011096100002760068
60,Coffee,LinearSVC,1.0,,0.021474599983775988
61,Coffee,LogisticRegression,0.9642857142857143,,0.01772569998865947
62,Coffee,RandomForest,1.0,,0.06255480000982061
63,Coffee,RidgeCV (baseline),1.0,,0.007910499989520758
64,Computers,LinearSVC,0.78,,0.4300689999945462
65,Computers,LogisticRegression,0.792,,0.3467254999850411
66,Computers,RandomForest,0.724,,0.1253910000086762
67,Computers,RidgeCV (baseline),0.78,,0.08323910000035539
68,CricketX,LinearSVC,0.7974358974358975,,3021.4094183999987
69,CricketX,LogisticRegression,0.7666666666666667,,0.5912649999954738
70,CricketX,RandomForest,0.6948717948717948,,0.1916802000196185
71,CricketX,RidgeCV (baseline),0.823076923076923,,0.14496050000889227
72,CricketY,LinearSVC,0.8102564102564103,,3550.6503915000067
73,CricketY,LogisticRegression,0.8102564102564103,,0.6097804000019096
74,CricketY,RandomForest,0.6871794871794872,,0.1811118999903556
75,CricketY,RidgeCV (baseline),0.8461538461538461,,0.1432001999928616
76,CricketZ,LinearSVC,0.8487179487179487,,3106.5809234000044
77,CricketZ,LogisticRegression,0.8076923076923077,,0.6015859000035562
78,CricketZ,RandomForest,0.7615384615384615,,0.17371489998186007
79,CricketZ,RidgeCV (baseline),0.8564102564102564,,0.13220500000170432
80,Crop,LinearSVC,0.7744642857142857,,22890.417572099977
81,Crop,LogisticRegression,0.7779166666666667,,15.738414199993713
82,Crop,RandomForest,0.7569047619047619,,3.3456454999977723
83,Crop,RidgeCV (baseline),0.7777380952380952,,13.863994899991667
84,DiatomSizeReduction,LinearSVC,0.9575163398692811,,0.5669206000166014
85,DiatomSizeReduction,LogisticRegression,0.9771241830065359,,0.09320610002032481
86,DiatomSizeReduction,RandomForest,0.8856209150326797,,0.07113070000195876
87,DiatomSizeReduction,RidgeCV (baseline),0.9771241830065359,,0.0058185000088997185
88,DistalPhalanxOutlineAgeGroup,LinearSVC,0.697841726618705,,148.36454260000028
89,DistalPhalanxOutlineAgeGroup,LogisticRegression,0.7338129496402878,,1.2378724000009242
90,DistalPhalanxOutlineAgeGroup,RandomForest,0.7122302158273381,,0.1537831999885384
91,DistalPhalanxOutlineAgeGroup,RidgeCV (baseline),0.7266187050359713,,0.15969589998712763
92,DistalPhalanxOutlineCorrect,LinearSVC,0.782608695652174,,0.9195624999993015
93,DistalPhalanxOutlineCorrect,LogisticRegression,0.7789855072463768,,0.9827666000055615
94,DistalPhalanxOutlineCorrect,RandomForest,0.8043478260869565,,0.2042807000107132
95,DistalPhalanxOutlineCorrect,RidgeCV (baseline),0.7644927536231884,,0.23442570000770502
96,DistalPhalanxTW,LinearSVC,0.6906474820143885,,741.3814731000166
97,DistalPhalanxTW,LogisticRegression,0.697841726618705,,0.59156410000287
98,DistalPhalanxTW,RandomForest,0.6762589928057554,,0.15222170000197366
99,DistalPhalanxTW,RidgeCV (baseline),0.6834532374100719,,0.14193059998797253
100,DodgerLoopDay,LinearSVC,0.5,,104.81416910002008
101,DodgerLoopDay,LogisticRegression,0.525,,0.20261589999427088
102,DodgerLoopDay,RandomForest,0.5375,,0.09125789999961853
103,DodgerLoopDay,RidgeCV (baseline),0.5375,,0.021466700010932982
104,DodgerLoopGame,LinearSVC,0.8768115942028986,,0.03973489999771118
105,DodgerLoopGame,LogisticRegression,0.855072463768116,,0.054342799994628876
106,DodgerLoopGame,RandomForest,0.8985507246376812,,0.0667791000159923
107,DodgerLoopGame,RidgeCV (baseline),0.8623188405797102,,0.006110199989052489
108,DodgerLoopWeekend,LinearSVC,0.9637681159420289,,0.03745959998923354
109,DodgerLoopWeekend,LogisticRegression,0.9637681159420289,,0.044109400012530386
110,DodgerLoopWeekend,RandomForest,0.9710144927536232,,0.07065789998159744
111,DodgerLoopWeekend,RidgeCV (baseline),0.9637681159420289,,0.006118300021626055
112,ECG200,LinearSVC,0.9,,0.13915040000574663
113,ECG200,LogisticRegression,0.91,,0.22212500000023283
114,ECG200,RandomForest,0.89,,0.08005260000936687
115,ECG200,RidgeCV (baseline),0.92,,0.02819510002154857
116,ECG5000,LinearSVC,0.9326666666666666,,1078.5951275000116
117,ECG5000,LogisticRegression,0.946,,0.3748067999840714
118,ECG5000,RandomForest,0.9382222222222222,,0.17063079998479225
119,ECG5000,RidgeCV (baseline),0.9473333333333334,,0.168529300019145
120,ECGFiveDays,LinearSVC,0.9988385598141696,,0.018890200008172542
121,ECGFiveDays,LogisticRegression,1.0,,0.08734550001099706
122,ECGFiveDays,RandomForest,0.9802555168408827,,0.06218490001629107
123,ECGFiveDays,RidgeCV (baseline),1.0,,0.00737249999656342
124,EOGHorizontalSignal,LinearSVC,0.6464088397790055,,2474.3821427999937
125,EOGHorizontalSignal,LogisticRegression,0.6049723756906077,,1.1968486999976449
126,EOGHorizontalSignal,RandomForest,0.5,,0.16258530001505278
127,EOGHorizontalSignal,RidgeCV (baseline),0.5994475138121547,,0.14081830001669005
128,EOGVerticalSignal,LinearSVC,0.5386740331491713,,2249.4770694999897
129,EOGVerticalSignal,LogisticRegression,0.48066298342541436,,0.9974142000137363
130,EOGVerticalSignal,RandomForest,0.4005524861878453,,0.18241919999127276
131,EOGVerticalSignal,RidgeCV (baseline),0.5607734806629834,,0.13774109998485073
132,Earthquakes,LinearSVC,0.6690647482014388,,1.60745529999258
133,Earthquakes,LogisticRegression,0.7410071942446043,,0.506810899998527
134,Earthquakes,RandomForest,0.7482014388489209,,0.1470837999950163
135,Earthquakes,RidgeCV (baseline),0.7482014388489209,,0.12488210000446998
136,ElectricDevices,LinearSVC,0.677992478277785,,6204.081353299989
137,ElectricDevices,LogisticRegression,0.6977045778757619,,60.564454200008186
138,ElectricDevices,RandomForest,0.7270133575411749,,4.302630300022429
139,ElectricDevices,RidgeCV (baseline),0.7289586305278174,,24.669716299977154
140,EthanolLevel,LinearSVC,0.59,,833.9624233000213
141,EthanolLevel,LogisticRegression,0.64,,2.088245299994014
142,EthanolLevel,RandomForest,0.56,,0.2002935000055004
143,EthanolLevel,RidgeCV (baseline),0.604,,0.16196789999958128
144,FaceAll,LinearSVC,0.7514792899408284,,1953.5519052000018
145,FaceAll,LogisticRegression,0.770414201183432,,0.2374714000034146
146,FaceAll,RandomForest,0.7497041420118343,,0.23598840000340715
147,FaceAll,RidgeCV (baseline),0.9408284023668639,,0.19645230000605807
148,FaceFour,LinearSVC,0.9545454545454546,,0.8713463000021875
149,FaceFour,LogisticRegression,0.9772727272727273,,0.08074829998076893
150,FaceFour,RandomForest,0.875,,0.07177400001091883
151,FaceFour,RidgeCV (baseline),0.9772727272727273,,0.007283300015842542
152,FacesUCR,LinearSVC,0.9039024390243903,,964.4024225999892
153,FacesUCR,LogisticRegression,0.8858536585365854,,0.18002010000054725
154,FacesUCR,RandomForest,0.8604878048780488,,0.12452369998209178
155,FacesUCR,RidgeCV (baseline),0.9609756097560975,,0.055104500002926216
156,FiftyWords,LinearSVC,0.8153846153846154,,9435.144833800005
157,FiftyWords,LogisticRegression,0.8153846153846154,,1.526247500005411
158,FiftyWords,RandomForest,0.7164835164835165,,0.33749070001067594
159,FiftyWords,RidgeCV (baseline),0.8351648351648352,,0.19061890000011772
160,Fish,LinearSVC,0.9657142857142857,,162.3142821000074
161,Fish,LogisticRegression,0.9828571428571429,,0.13190680000116117
162,Fish,RandomForest,0.9314285714285714,,0.10792870001750998
163,Fish,RidgeCV (baseline),0.9885714285714285,,0.06043929999577813
164,FordA,LinearSVC,0.9378787878787879,,2.703572400001576
165,FordA,LogisticRegression,0.9356060606060606,,1.3204377999936696
166,FordA,RandomForest,0.9265151515151515,,1.5239368999900762
167,FordA,RidgeCV (baseline),0.9325757575757576,,2.735647900000913
168,FordB,LinearSVC,0.8012345679012346,,2.545697299996391
169,FordB,LogisticRegression,0.8074074074074075,,1.0030689999985043
170,FordB,RandomForest,0.8012345679012346,,1.4703804999880958
171,FordB,RidgeCV (baseline),0.8012345679012346,,2.6976537999871653
172,FreezerRegularTrain,LinearSVC,0.9978947368421053,,0.08547429999453016
173,FreezerRegularTrain,LogisticRegression,0.9975438596491228,,0.05642789998091757
174,FreezerRegularTrain,RandomForest,0.9964912280701754,,0.08653960001538508
175,FreezerRegularTrain,RidgeCV (baseline),0.9978947368421053,,0.038953499984927475
176,FreezerSmallTrain,LinearSVC,0.9568421052631579,,0.02224019999266602
177,FreezerSmallTrain,LogisticRegression,0.9568421052631579,,0.03854670000146143
178,FreezerSmallTrain,RandomForest,0.9856140350877193,,0.06496879999758676
179,FreezerSmallTrain,RidgeCV (baseline),0.9480701754385965,,0.00726140002370812
180,Fungi,LinearSVC,1.0,,214.6110170999891
181,Fungi,LogisticRegression,0.9838709677419355,,0.6423030000005383
182,Fungi,RandomForest,0.8870967741935484,,0.0691651999950409
183,Fungi,RidgeCV (baseline),1.0,,0.006776099995477125
184,GestureMidAirD1,LinearSVC,0.7769230769230769,,2232.069206999993
185,GestureMidAirD1,LogisticRegression,0.7615384615384615,,2.7319656999898143
186,GestureMidAirD1,RandomForest,0.7461538461538462,,0.13405039999634027
187,GestureMidAirD1,RidgeCV (baseline),0.7769230769230769,,0.06661889998940751
188,GestureMidAirD2,LinearSVC,0.7076923076923077,,1607.8825929999875
189,GestureMidAirD2,LogisticRegression,0.6153846153846154,,3.5311046999995597
190,GestureMidAirD2,RandomForest,0.6307692307692307,,0.12564919999567792
191,GestureMidAirD2,RidgeCV (baseline),0.6692307692307692,,0.06551469999249093
192,GestureMidAirD3,LinearSVC,0.46923076923076923,,1569.0874155000201
193,GestureMidAirD3,LogisticRegression,0.4153846153846154,,2.568743899988476
194,GestureMidAirD3,RandomForest,0.5692307692307692,,0.1273354000004474
195,GestureMidAirD3,RidgeCV (baseline),0.47692307692307695,,0.06691680001677014
196,GesturePebbleZ1,LinearSVC,0.872093023255814,,10.546650299977046
197,GesturePebbleZ1,LogisticRegression,0.8895348837209303,,0.14858000000822358
198,GesturePebbleZ1,RandomForest,0.8837209302325582,,0.08798510002088733
199,GesturePebbleZ1,RidgeCV (baseline),0.8895348837209303,,0.036049599992111325
200,GesturePebbleZ2,LinearSVC,0.8417721518987342,,24.76681380000082
201,GesturePebbleZ2,LogisticRegression,0.8164556962025317,,0.1899042000004556
202,GesturePebbleZ2,RandomForest,0.8607594936708861,,0.09834080000291578
203,GesturePebbleZ2,RidgeCV (baseline),0.7848101265822784,,0.04120079998392612
204,GunPoint,LinearSVC,1.0,,0.055827800009865314
205,GunPoint,LogisticRegression,1.0,,0.05588719999650493
206,GunPoint,RandomForest,0.9866666666666667,,0.06772930000443012
207,GunPoint,RidgeCV (baseline),1.0,,0.013164600008167326
208,GunPointAgeSpan,LinearSVC,0.9746835443037974,,0.10632690001511946
209,GunPointAgeSpan,LogisticRegression,0.9651898734177216,,0.07015250000404194
210,GunPointAgeSpan,RandomForest,0.9715189873417721,,0.09135999999125488
211,GunPointAgeSpan,RidgeCV (baseline),0.990506329113924,,0.03670050000073388
212,GunPointMaleVersusFemale,LinearSVC,1.0,,0.08927259998745285
213,GunPointMaleVersusFemale,LogisticRegression,1.0,,0.06142409998574294
214,GunPointMaleVersusFemale,RandomForest,0.9968354430379747,,0.09169370000017807
215,GunPointMaleVersusFemale,RidgeCV (baseline),1.0,,0.03711840001051314
216,GunPointOldVersusYoung,LinearSVC,1.0,,0.06576330002280883
217,GunPointOldVersusYoung,LogisticRegression,1.0,,0.02083299998776056
218,GunPointOldVersusYoung,RandomForest,1.0,,0.09018600001581945
219,GunPointOldVersusYoung,RidgeCV (baseline),1.0,,0.03730699999141507
220,Ham,LinearSVC,0.7619047619047619,,0.13063460000557825
221,Ham,LogisticRegression,0.7714285714285715,,0.09025529999053106
222,Ham,RandomForest,0.7714285714285715,,0.0900915999955032
223,Ham,RidgeCV (baseline),0.7333333333333333,,0.032990300009259954
224,HandOutlines,LinearSVC,0.9459459459459459,,1.0853365000220947
225,HandOutlines,LogisticRegression,0.9486486486486486,,0.5361438000109047
226,HandOutlines,RandomForest,0.918918918918919,,0.3837235000100918
227,HandOutlines,RidgeCV (baseline),0.9405405405405406,,0.3854654000024311
228,Haptics,LinearSVC,0.5454545454545454,,187.59763470001053
229,Haptics,LogisticRegression,0.5487012987012987,,0.25630890001775697
230,Haptics,RandomForest,0.5292207792207793,,0.10272379999514669
231,Haptics,RidgeCV (baseline),0.5357142857142857,,0.04453370001283474
232,Herring,LinearSVC,0.578125,,0.16764520001015626
233,Herring,LogisticRegression,0.59375,,0.18706070000189357
234,Herring,RandomForest,0.625,,0.07535709999501705
235,Herring,RidgeCV (baseline),0.609375,,0.016324700001860037
236,HouseTwenty,LinearSVC,0.957983193277311,,0.029120099992724136
237,HouseTwenty,LogisticRegression,0.9663865546218487,,0.04725559998769313
238,HouseTwenty,RandomForest,0.9411764705882353,,0.07611159997759387
239,HouseTwenty,RidgeCV (baseline),0.9663865546218487,,0.010578499990515411
240,InlineSkate,LinearSVC,0.4509090909090909,,427.53251530000125
241,InlineSkate,LogisticRegression,0.49272727272727274,,1.0426900999736972
242,InlineSkate,RandomForest,0.42363636363636364,,0.09211169998161495
243,InlineSkate,RidgeCV (baseline),0.4763636363636364,,0.02900219999719411
244,InsectEPGRegularTrain,LinearSVC,1.0,,0.3353398000181187
245,InsectEPGRegularTrain,LogisticRegression,0.9959839357429718,,0.057664699997985736
246,InsectEPGRegularTrain,RandomForest,1.0,,0.07975890001398511
247,InsectEPGRegularTrain,RidgeCV (baseline),1.0,,0.016179400001419708
248,InsectEPGSmallTrain,LinearSVC,0.9919678714859438,,0.5818022000021301
249,InsectEPGSmallTrain,LogisticRegression,0.9959839357429718,,0.031901099981041625
250,InsectEPGSmallTrain,RandomForest,1.0,,0.06253799999831244
251,InsectEPGSmallTrain,RidgeCV (baseline),1.0,,0.005737400002544746
252,InsectWingbeatSound,LinearSVC,0.6641414141414141,,1657.68344969998
253,InsectWingbeatSound,LogisticRegression,0.6373737373737374,,0.5782399000017904
254,InsectWingbeatSound,RandomForest,0.6454545454545455,,0.12535139999818057
255,InsectWingbeatSound,RidgeCV (baseline),0.6636363636363637,,0.06783769998583011
256,ItalyPowerDemand,LinearSVC,0.966958211856171,,0.04196320002665743
257,ItalyPowerDemand,LogisticRegression,0.9650145772594753,,0.06444509996799752
258,ItalyPowerDemand,RandomForest,0.9620991253644315,,0.07437590003246441
259,ItalyPowerDemand,RidgeCV (baseline),0.9689018464528668,,0.017470600025262684
260,LargeKitchenAppliances,LinearSVC,0.8826666666666667,,1.8754052000003867
261,LargeKitchenAppliances,LogisticRegression,0.8773333333333333,,0.39839210000354797
262,LargeKitchenAppliances,RandomForest,0.824,,0.1562288999557495
263,LargeKitchenAppliances,RidgeCV (baseline),0.904,,0.15007380000315607
264,Lightning2,LinearSVC,0.8032786885245902,,0.12056859995936975
265,Lightning2,LogisticRegression,0.819672131147541,,0.3280093999928795
266,Lightning2,RandomForest,0.6885245901639344,,0.08253970002988353
267,Lightning2,RidgeCV (baseline),0.7868852459016393,,0.015913200040813535
268,Lightning7,LinearSVC,0.821917808219178,,49.750009599956684
269,Lightning7,LogisticRegression,0.7808219178082192,,0.2582929999916814
270,Lightning7,RandomForest,0.7534246575342466,,0.082747999986168
271,Lightning7,RidgeCV (baseline),0.8356164383561644,,0.018547100014984608
272,Mallat,LinearSVC,0.9633262260127932,,53.67212099995231
273,Mallat,LogisticRegression,0.9479744136460554,,0.23143340001115575
274,Mallat,RandomForest,0.9582089552238806,,0.08100890001514927
275,Mallat,RidgeCV (baseline),0.9569296375266525,,0.01298630004748702
276,Meat,LinearSVC,0.9333333333333333,,0.12345710000954568
277,Meat,LogisticRegression,0.9666666666666667,,0.06924129999242723
278,Meat,RandomForest,0.9333333333333333,,0.07954679999966174
279,Meat,RidgeCV (baseline),0.95,,0.01524129998870194
280,MedicalImages,LinearSVC,0.7539473684210526,,2247.014503100014
281,MedicalImages,LogisticRegression,0.8052631578947368,,3.1074606999754906
282,MedicalImages,RandomForest,0.7605263157894737,,0.16689009999390692
283,MedicalImages,RidgeCV (baseline),0.7960526315789473,,0.1561028000432998
284,MelbournePedestrian,LinearSVC,0.9192291922919229,,2587.778956199996
285,MelbournePedestrian,LogisticRegression,0.941369413694137,,0.9906196999945678
286,MelbournePedestrian,RandomForest,0.9298892988929889,,0.3609422000008635
287,MelbournePedestrian,RidgeCV (baseline),0.9425994259942599,,0.5251653000013903
288,MiddlePhalanxOutlineAgeGroup,LinearSVC,0.5714285714285714,,4.247407699993346
289,MiddlePhalanxOutlineAgeGroup,LogisticRegression,0.564935064935065,,1.3428514000261202
290,MiddlePhalanxOutlineAgeGroup,RandomForest,0.5844155844155844,,0.1556049999780953
291,MiddlePhalanxOutlineAgeGroup,RidgeCV (baseline),0.5324675324675324,,0.14944070001365617
292,MiddlePhalanxOutlineCorrect,LinearSVC,0.8144329896907216,,1.1249180000158958
293,MiddlePhalanxOutlineCorrect,LogisticRegression,0.8316151202749141,,0.8600003000465222
294,MiddlePhalanxOutlineCorrect,RandomForest,0.8350515463917526,,0.21717060002265498
295,MiddlePhalanxOutlineCorrect,RidgeCV (baseline),0.8350515463917526,,0.22833489999175072
296,MiddlePhalanxTW,LinearSVC,0.5194805194805194,,441.42141429998446
297,MiddlePhalanxTW,LogisticRegression,0.577922077922078,,0.6204372000065632
298,MiddlePhalanxTW,RandomForest,0.525974025974026,,0.1523326999740675
299,MiddlePhalanxTW,RidgeCV (baseline),0.577922077922078,,0.1468923999927938
300,MixedShapesRegularTrain,LinearSVC,0.9608247422680413,,2.6926987000042573
301,MixedShapesRegularTrain,LogisticRegression,0.9657731958762886,,0.19014149997383356
302,MixedShapesRegularTrain,RandomForest,0.9303092783505155,,0.17299829999683425
303,MixedShapesRegularTrain,RidgeCV (baseline),0.968659793814433,,0.1624236000352539
304,MixedShapesSmallTrain,LinearSVC,0.92,,1.1497467000153847
305,MixedShapesSmallTrain,LogisticRegression,0.9162886597938145,,0.08617460000095889
306,MixedShapesSmallTrain,RandomForest,0.9018556701030928,,0.08907899999758229
307,MixedShapesSmallTrain,RidgeCV (baseline),0.9360824742268041,,0.025514000037219375
308,MoteStrain,LinearSVC,0.9121405750798722,,0.050117400009185076
309,MoteStrain,LogisticRegression,0.90814696485623,,0.05832630000077188
310,MoteStrain,RandomForest,0.9049520766773163,,0.06398399994941428
311,MoteStrain,RidgeCV (baseline),0.9161341853035144,,0.006320199987385422
312,NonInvasiveFetalECGThorax1,LinearSVC,0.9603053435114504,,31100.50905340002
313,NonInvasiveFetalECGThorax1,LogisticRegression,0.9623409669211196,,2.5677843000157736
314,NonInvasiveFetalECGThorax1,RandomForest,0.927735368956743,,0.8754986000130884
315,NonInvasiveFetalECGThorax1,RidgeCV (baseline),0.9552162849872774,,0.9358315999852493
316,NonInvasiveFetalECGThorax2,LinearSVC,0.9684478371501273,,26251.956275300006
317,NonInvasiveFetalECGThorax2,LogisticRegression,0.9638676844783715,,2.961014400003478
318,NonInvasiveFetalECGThorax2,RandomForest,0.9358778625954198,,0.9736979999579489
319,NonInvasiveFetalECGThorax2,RidgeCV (baseline),0.9679389312977099,,0.925719199993182
320,OSULeaf,LinearSVC,0.9256198347107438,,201.26407750003273
321,OSULeaf,LogisticRegression,0.9049586776859504,,0.1559788000304252
322,OSULeaf,RandomForest,0.8636363636363636,,0.11437989998375997
323,OSULeaf,RidgeCV (baseline),0.9338842975206612,,0.06107359996531159
324,OliveOil,LinearSVC,0.9333333333333333,,3.267502600036096
325,OliveOil,LogisticRegression,0.9333333333333333,,0.12417480000294745
326,OliveOil,RandomForest,0.8333333333333334,,0.06437229999573901
327,OliveOil,RidgeCV (baseline),0.9333333333333333,,0.008346799993887544
328,PLAID,LinearSVC,0.813780260707635,,1103.7838249999913
329,PLAID,LogisticRegression,0.8286778398510242,,9.666471799951978
330,PLAID,RandomForest,0.9124767225325885,,0.2136134000029415
331,PLAID,RidgeCV (baseline),0.7355679702048417,,0.19264080002903938
332,PhalangesOutlinesCorrect,LinearSVC,0.8205128205128205,,6.844197399972472
333,PhalangesOutlinesCorrect,LogisticRegression,0.8403263403263403,,3.151623899990227
334,PhalangesOutlinesCorrect,RandomForest,0.8333333333333334,,0.8133472999907099
335,PhalangesOutlinesCorrect,RidgeCV (baseline),0.8333333333333334,,0.9356282000080682
336,Phoneme,LinearSVC,0.1998945147679325,,3280.1857785000466
337,Phoneme,LogisticRegression,0.29641350210970463,,1.0316200999659486
338,Phoneme,RandomForest,0.2979957805907173,,0.17338290001498535
339,Phoneme,RidgeCV (baseline),0.2779535864978903,,0.06658350001089275
340,PickupGestureWiimoteZ,LinearSVC,0.84,,148.01575839996804
341,PickupGestureWiimoteZ,LogisticRegression,0.8,,0.2748095000279136
342,PickupGestureWiimoteZ,RandomForest,0.76,,0.08538830000907183
343,PickupGestureWiimoteZ,RidgeCV (baseline),0.8,,0.013819599989801645
344,PigAirwayPressure,LinearSVC,0.8317307692307693,,907.895467699971
345,PigAirwayPressure,LogisticRegression,0.4567307692307692,,1.5109014000045136
346,PigAirwayPressure,RandomForest,0.5865384615384616,,0.1422078000032343
347,PigAirwayPressure,RidgeCV (baseline),0.7884615384615384,,0.03251329995691776
348,PigArtPressure,LinearSVC,0.9423076923076923,,2712.6355069000274
349,PigArtPressure,LogisticRegression,0.8605769230769231,,0.44040349998977035
350,PigArtPressure,RandomForest,0.9326923076923077,,0.15596750000258908
351,PigArtPressure,RidgeCV (baseline),0.9519230769230769,,0.042124400031752884
352,PigCVP,LinearSVC,0.9230769230769231,,1504.9145546000218
353,PigCVP,LogisticRegression,0.7740384615384616,,0.6022763999644667
354,PigCVP,RandomForest,0.7548076923076923,,0.15538690000539646
355,PigCVP,RidgeCV (baseline),0.9326923076923077,,0.032603100000415
356,Plane,LinearSVC,1.0,,7.781287599995267
357,Plane,LogisticRegression,1.0,,0.03125549998367205
358,Plane,RandomForest,1.0,,0.09448540001176298
359,Plane,RidgeCV (baseline),1.0,,0.03042060002917424
360,PowerCons,LinearSVC,0.9888888888888889,,0.09894840000197291
361,PowerCons,LogisticRegression,0.9944444444444445,,0.07013690000167117
362,PowerCons,RandomForest,0.9722222222222222,,0.10124109999742359
363,PowerCons,RidgeCV (baseline),0.9833333333333333,,0.055429100000765175
364,ProximalPhalanxOutlineAgeGroup,LinearSVC,0.8390243902439024,,1.7455068999552168
365,ProximalPhalanxOutlineAgeGroup,LogisticRegression,0.8292682926829268,,0.34280110005056486
366,ProximalPhalanxOutlineAgeGroup,RandomForest,0.8292682926829268,,0.15831689996412024
367,ProximalPhalanxOutlineAgeGroup,RidgeCV (baseline),0.8585365853658536,,0.1466437000199221
368,ProximalPhalanxOutlineCorrect,LinearSVC,0.9175257731958762,,0.9860023999935947
369,ProximalPhalanxOutlineCorrect,LogisticRegression,0.9140893470790378,,0.9293105999822728
370,ProximalPhalanxOutlineCorrect,RandomForest,0.8865979381443299,,0.22861370001919568
371,ProximalPhalanxOutlineCorrect,RidgeCV (baseline),0.9037800687285223,,0.23119050002424046
372,ProximalPhalanxTW,LinearSVC,0.7317073170731707,,929.7480960999965
373,ProximalPhalanxTW,LogisticRegression,0.7902439024390244,,0.5505761999520473
374,ProximalPhalanxTW,RandomForest,0.8097560975609757,,0.1585233000223525
375,ProximalPhalanxTW,RidgeCV (baseline),0.8048780487804879,,0.14877950004301965
376,RefrigerationDevices,LinearSVC,0.5413333333333333,,2.6510897999978624
377,RefrigerationDevices,LogisticRegression,0.5413333333333333,,0.29890749999321997
378,RefrigerationDevices,RandomForest,0.512,,0.1602147999801673
379,RefrigerationDevices,RidgeCV (baseline),0.5226666666666666,,0.15345240000169724
380,Rock,LinearSVC,0.66,,2.3351511000073515
381,Rock,LogisticRegression,0.78,,0.11623869999311864
382,Rock,RandomForest,0.72,,0.06549419998191297
383,Rock,RidgeCV (baseline),0.68,,0.006357799982652068
384,ScreenType,LinearSVC,0.488,,140.1186228999868
385,ScreenType,LogisticRegression,0.504,,1.0036055999808013
386,ScreenType,RandomForest,0.5466666666666666,,0.1627157999901101
387,ScreenType,RidgeCV (baseline),0.4746666666666667,,0.15660000004572794
388,SemgHandGenderCh2,LinearSVC,0.9033333333333333,,0.2546263999538496
389,SemgHandGenderCh2,LogisticRegression,0.9133333333333333,,0.3538268000120297
390,SemgHandGenderCh2,RandomForest,0.89,,0.1243314000312239
391,SemgHandGenderCh2,RidgeCV (baseline),0.895,,0.10507269995287061
392,SemgHandMovementCh2,LinearSVC,0.5866666666666667,,24.223760800028685
393,SemgHandMovementCh2,LogisticRegression,0.6355555555555555,,0.5741952999960631
394,SemgHandMovementCh2,RandomForest,0.8066666666666666,,0.1849930000025779
395,SemgHandMovementCh2,RidgeCV (baseline),0.5977777777777777,,0.16754540003603324
396,SemgHandSubjectCh2,LinearSVC,0.8111111111111111,,14.82779519999167
397,SemgHandSubjectCh2,LogisticRegression,0.8333333333333334,,0.330949499970302
398,SemgHandSubjectCh2,RandomForest,0.8866666666666667,,0.17072530003497377
399,SemgHandSubjectCh2,RidgeCV (baseline),0.8377777777777777,,0.17037110001547262
400,ShakeGestureWiimoteZ,LinearSVC,0.88,,102.4302351999795
401,ShakeGestureWiimoteZ,LogisticRegression,0.88,,0.38294979999773204
402,ShakeGestureWiimoteZ,RandomForest,0.92,,0.077869999979157
403,ShakeGestureWiimoteZ,RidgeCV (baseline),0.94,,0.013257600017823279
404,ShapeletSim,LinearSVC,1.0,,0.009688800026196986
405,ShapeletSim,LogisticRegression,1.0,,0.014884600008372217
406,ShapeletSim,RandomForest,1.0,,0.0654357000021264
407,ShapeletSim,RidgeCV (baseline),1.0,,0.006442299985792488
408,ShapesAll,LinearSVC,0.89,,28874.290424200008
409,ShapesAll,LogisticRegression,0.885,,2.5324257000465877
410,ShapesAll,RandomForest,0.8616666666666667,,0.6899619000032544
411,ShapesAll,RidgeCV (baseline),0.91,,0.2340334000182338
412,SmallKitchenAppliances,LinearSVC,0.784,,17.139226600003894
413,SmallKitchenAppliances,LogisticRegression,0.8,,1.1676481000031345
414,SmallKitchenAppliances,RandomForest,0.824,,0.1573066000128165
415,SmallKitchenAppliances,RidgeCV (baseline),0.8213333333333334,,0.15760610002325848
416,SmoothSubspace,LinearSVC,0.9666666666666667,,0.24976870004320517
417,SmoothSubspace,LogisticRegression,0.92,,0.07088929996825755
418,SmoothSubspace,RandomForest,0.9266666666666666,,0.09406119998311624
419,SmoothSubspace,RidgeCV (baseline),0.9733333333333334,,0.04394490004051477
420,SonyAIBORobotSurface1,LinearSVC,0.9683860232945092,,0.01684590004151687
421,SonyAIBORobotSurface1,LogisticRegression,0.913477537437604,,0.11574700003257021
422,SonyAIBORobotSurface1,RandomForest,0.8935108153078203,,0.06421949999639764
423,SonyAIBORobotSurface1,RidgeCV (baseline),0.9234608985024958,,0.006402700033504516
424,SonyAIBORobotSurface2,LinearSVC,0.8961175236096537,,0.05470939999213442
425,SonyAIBORobotSurface2,LogisticRegression,0.9034627492130115,,0.08054290001746267
426,SonyAIBORobotSurface2,RandomForest,0.9181532004197271,,0.06849690002854913
427,SonyAIBORobotSurface2,RidgeCV (baseline),0.9108079748163693,,0.008404800028074533
428,StarLightCurves,LinearSVC,0.9748664400194269,,9.670382199983578
429,StarLightCurves,LogisticRegression,0.9776590577950461,,0.5747048999764957
430,StarLightCurves,RandomForest,0.9787518212724624,,0.2991124000400305
431,StarLightCurves,RidgeCV (baseline),0.9808159300631375,,0.4081636000191793
432,Strawberry,LinearSVC,0.972972972972973,,4.652088100032415
433,Strawberry,LogisticRegression,0.9783783783783784,,0.8445375000010245
434,Strawberry,RandomForest,0.9540540540540541,,0.19882579997647554
435,Strawberry,RidgeCV (baseline),0.981081081081081,,0.2594224999775179
436,SwedishLeaf,LinearSVC,0.9632,,3835.702381399984
437,SwedishLeaf,LogisticRegression,0.952,,0.5585103000048548
438,SwedishLeaf,RandomForest,0.944,,0.18482830002903938
439,SwedishLeaf,RidgeCV (baseline),0.9664,,0.17810039996402338
440,Symbols,LinearSVC,0.978894472361809,,7.712021699990146
441,Symbols,LogisticRegression,0.9768844221105528,,0.15040920005412772
442,Symbols,RandomForest,0.9688442211055276,,0.06586250005057082
443,Symbols,RidgeCV (baseline),0.9738693467336683,,0.00779330002842471
444,SyntheticControl,LinearSVC,0.9933333333333333,,1.6080378000042401
445,SyntheticControl,LogisticRegression,0.98,,0.13828219997230917
446,SyntheticControl,RandomForest,0.9866666666666667,,0.12725489999866113
447,SyntheticControl,RidgeCV (baseline),0.9966666666666667,,0.11705910001182929
448,ToeSegmentation1,LinearSVC,0.9517543859649122,,0.06420439999783412
449,ToeSegmentation1,LogisticRegression,0.956140350877193,,0.05039829999441281
450,ToeSegmentation1,RandomForest,0.9429824561403509,,0.06482829997548833
451,ToeSegmentation1,RidgeCV (baseline),0.9605263157894737,,0.011085100006312132
452,ToeSegmentation2,LinearSVC,0.9,,0.021120699995663017
453,ToeSegmentation2,LogisticRegression,0.8923076923076924,,0.03786280000349507
454,ToeSegmentation2,RandomForest,0.8153846153846154,,0.06380020000506192
455,ToeSegmentation2,RidgeCV (baseline),0.9153846153846154,,0.009449300006963313
456,Trace,LinearSVC,1.0,,0.18565509998006746
457,Trace,LogisticRegression,1.0,,0.027149400033522397
458,Trace,RandomForest,1.0,,0.08822990005137399
459,Trace,RidgeCV (baseline),1.0,,0.02778760000364855
460,TwoLeadECG,LinearSVC,0.9991220368744512,,0.01442199997836724
461,TwoLeadECG,LogisticRegression,0.9991220368744512,,0.046710000024177134
462,TwoLeadECG,RandomForest,0.9666374012291484,,0.06240270001580939
463,TwoLeadECG,RidgeCV (baseline),0.9991220368744512,,0.007206500042229891
464,TwoPatterns,LinearSVC,1.0,,2.1084345999988727
465,TwoPatterns,LogisticRegression,0.9985,,0.20312630000989884
466,TwoPatterns,RandomForest,0.9975,,0.28285880002658814
467,TwoPatterns,RidgeCV (baseline),1.0,,0.3952601000200957
468,UMD,LinearSVC,0.9930555555555556,,0.14673139998922125
469,UMD,LogisticRegression,0.9930555555555556,,0.06275030004326254
470,UMD,RandomForest,0.9861111111111112,,0.07465520000550896
471,UMD,RidgeCV (baseline),0.9861111111111112,,0.01022150000790134
472,UWaveGestureLibraryAll,LinearSVC,0.9659408151870463,,1609.005261000013
473,UWaveGestureLibraryAll,LogisticRegression,0.9698492462311558,,0.39874920004513115
474,UWaveGestureLibraryAll,RandomForest,0.9408151870463428,,0.3288328999769874
475,UWaveGestureLibraryAll,RidgeCV (baseline),0.97571189279732,,0.38551980000920594
476,UWaveGestureLibraryX,LinearSVC,0.8336125069793412,,1552.2595416000113
477,UWaveGestureLibraryX,LogisticRegression,0.8428252372975991,,1.1494272999698296
478,UWaveGestureLibraryX,RandomForest,0.8160245672808487,,0.3555608000024222
479,UWaveGestureLibraryX,RidgeCV (baseline),0.8562255723059743,,0.3874194999807514
480,UWaveGestureLibraryY,LinearSVC,0.748464544946957,,1808.33871609997
481,UWaveGestureLibraryY,LogisticRegression,0.768285873813512,,1.4545020999503322
482,UWaveGestureLibraryY,RandomForest,0.7509771077610273,,0.3455445999861695
483,UWaveGestureLibraryY,RidgeCV (baseline),0.7719151312116136,,0.38568750000558794
484,UWaveGestureLibraryZ,LinearSVC,0.7864321608040201,,2175.0193848999916
485,UWaveGestureLibraryZ,LogisticRegression,0.7875488553880514,,1.1269732000073418
486,UWaveGestureLibraryZ,RandomForest,0.7646566164154104,,0.3443015000084415
487,UWaveGestureLibraryZ,RidgeCV (baseline),0.7967615857063093,,0.38709199998993427
488,Wafer,LinearSVC,0.9983776768332252,,127.30879739997908
489,Wafer,LogisticRegression,0.9977287475665152,,1.165004099952057
490,Wafer,RandomForest,0.9931862426995457,,0.2572379999910481
491,Wafer,RidgeCV (baseline),0.9980532121998702,,0.393474500044249
492,Wine,LinearSVC,0.8518518518518519,,0.10097579995635897
493,Wine,LogisticRegression,0.8518518518518519,,0.0886237999657169
494,Wine,RandomForest,0.6296296296296297,,0.0741353000048548
495,Wine,RidgeCV (baseline),0.8518518518518519,,0.015108200022950768
496,WordSynonyms,LinearSVC,0.713166144200627,,3853.995544000005
497,WordSynonyms,LogisticRegression,0.7163009404388715,,0.6686491000000387
498,WordSynonyms,RandomForest,0.6347962382445141,,0.14495340001303703
499,WordSynonyms,RidgeCV (baseline),0.7523510971786834,,0.08973199996398762
500,Worms,LinearSVC,0.7142857142857143,,108.92215380002744
501,Worms,LogisticRegression,0.7402597402597403,,1.138591599999927
502,Worms,RandomForest,0.8311688311688312,,0.10803890001261607
503,Worms,RidgeCV (baseline),0.7402597402597403,,0.05302380002103746
504,WormsTwoClass,LinearSVC,0.7662337662337663,,0.34818920004181564
505,WormsTwoClass,LogisticRegression,0.7792207792207793,,0.3877156000235118
506,WormsTwoClass,RandomForest,0.8051948051948052,,0.10508050001226366
507,WormsTwoClass,RidgeCV (baseline),0.7792207792207793,,0.05181149998679757
508,Yoga,LinearSVC,0.9026666666666666,,0.4368298999615945
509,Yoga,LogisticRegression,0.902,,0.5007986000273377
510,Yoga,RandomForest,0.8446666666666667,,0.13283899996895343
511,Yoga,RidgeCV (baseline),0.913,,0.10236759996041656
