,dataset,threshold,accuracy_mean,accuracy_std,mean_features_kept,mean_fraction_kept,mean_train_time
0,ACSF1,no_selection (baseline),0.9,,20000.0,1.0,0.029005700023844838
1,ACSF1,threshold=0.0,0.9,,20000.0,1.0,0.03497809998225421
2,ACSF1,threshold=0.001,0.88,,17941.0,0.89705,0.029912800004240125
3,ACSF1,threshold=0.01,0.85,,11162.0,0.5581,0.016724899993278086
4,Adiac,no_selection (baseline),0.7800511508951407,,20000.0,1.0,0.1492436999687925
5,Adiac,threshold=0.0,0.7800511508951407,,19895.0,0.99475,0.14216879999730736
6,Adiac,threshold=0.001,0.8260869565217391,,12437.0,0.62185,0.10179630003403872
7,Adiac,threshold=0.01,0.7928388746803069,,9340.0,0.467,0.08458199998131022
8,AllGestureWiimoteX,no_selection (baseline),0.73,,20000.0,1.0,0.09905739995883778
9,AllGestureWiimoteX,threshold=0.0,0.73,,19380.0,0.969,0.11133450001943856
10,AllGestureWiimoteX,threshold=0.001,0.7285714285714285,,17834.0,0.8917,0.10222199995769188
11,AllGestureWiimoteX,threshold=0.01,0.66,,12476.0,0.6238,0.0775226999539882
12,AllGestureWiimoteY,no_selection (baseline),0.73,,20000.0,1.0,0.09846270002890378
13,AllGestureWiimoteY,threshold=0.0,0.73,,19233.0,0.96165,0.11058899998897687
14,AllGestureWiimoteY,threshold=0.001,0.7185714285714285,,17137.0,0.85685,0.09963670000433922
15,AllGestureWiimoteY,threshold=0.01,0.6871428571428572,,12750.0,0.6375,0.07995749998372048
16,AllGestureWiimoteZ,no_selection (baseline),0.7057142857142857,,20000.0,1.0,0.09818529995391145
17,AllGestureWiimoteZ,threshold=0.0,0.7057142857142857,,18944.0,0.9472,0.10914329998195171
18,AllGestureWiimoteZ,threshold=0.001,0.6985714285714286,,16216.0,0.8108,0.0959080999600701
19,AllGestureWiimoteZ,threshold=0.01,0.6571428571428571,,12228.0,0.6114,0.07580089999828488
20,ArrowHead,no_selection (baseline),0.8114285714285714,,20000.0,1.0,0.009843099978752434
21,ArrowHead,threshold=0.0,0.8114285714285714,,19775.0,0.98875,0.012253900000359863
22,ArrowHead,threshold=0.001,0.8057142857142857,,16112.0,0.8056,0.014271799998823553
23,ArrowHead,threshold=0.01,0.76,,10135.0,0.50675,0.007625000027474016
24,BME,no_selection (baseline),1.0,,20000.0,1.0,0.008532300009392202
25,BME,threshold=0.0,1.0,,19797.0,0.98985,0.01127950003137812
26,BME,threshold=0.001,1.0,,16644.0,0.8322,0.009494800004176795
27,BME,threshold=0.01,0.98,,10867.0,0.54335,0.007319299969822168
28,Beef,no_selection (baseline),0.8,,20000.0,1.0,0.008181700017303228
29,Beef,threshold=0.0,0.8,,19967.0,0.99835,0.010305599949788302
30,Beef,threshold=0.001,0.8333333333333334,,16149.0,0.80745,0.008866599993780255
31,Beef,threshold=0.01,0.7333333333333333,,10630.0,0.5315,0.006574500002898276
32,BeetleFly,no_selection (baseline),0.9,,20000.0,1.0,0.005917200003750622
33,BeetleFly,threshold=0.0,0.9,,19830.0,0.9915,0.007990000012796372
34,BeetleFly,threshold=0.001,0.9,,16048.0,0.8024,0.006838399975094944
35,BeetleFly,threshold=0.01,0.85,,10380.0,0.519,0.005423899972811341
36,BirdChicken,no_selection (baseline),0.9,,20000.0,1.0,0.005879300006199628
37,BirdChicken,threshold=0.0,0.9,,19605.0,0.98025,0.007963399984873831
38,BirdChicken,threshold=0.001,0.9,,16902.0,0.8451,0.007155500003136694
39,BirdChicken,threshold=0.01,0.8,,10010.0,0.5005,0.005061800009571016
40,CBF,no_selection (baseline),1.0,,20000.0,1.0,0.008519999973941594
41,CBF,threshold=0.0,1.0,,20000.0,1.0,0.008733700029551983
42,CBF,threshold=0.001,1.0,,19043.0,0.95215,0.008837999950628728
43,CBF,threshold=0.01,0.9933333333333333,,11975.0,0.59875,0.0058194000157527626
44,Car,no_selection (baseline),0.9,,20000.0,1.0,0.01536429999396205
45,Car,threshold=0.0,0.9,,18760.0,0.938,0.017237399995792657
46,Car,threshold=0.001,0.8833333333333333,,12646.0,0.6323,0.012150400027167052
47,Car,threshold=0.01,0.8833333333333333,,8186.0,0.4093,0.009162500035017729
48,Chinatown,no_selection (baseline),0.9825072886297376,,20000.0,1.0,0.008459099975880235
49,Chinatown,threshold=0.0,0.9825072886297376,,19640.0,0.982,0.009049100044649094
50,Chinatown,threshold=0.001,0.9825072886297376,,19175.0,0.95875,0.006845500029157847
51,Chinatown,threshold=0.01,0.9795918367346939,,11159.0,0.55795,0.006970499991439283
52,ChlorineConcentration,no_selection (baseline),0.8231770833333333,,20000.0,1.0,0.14820850000251085
53,ChlorineConcentration,threshold=0.0,0.8231770833333333,,20000.0,1.0,0.19987859996035695
54,ChlorineConcentration,threshold=0.001,0.8296875,,19256.0,0.9628,0.1985768000013195
55,ChlorineConcentration,threshold=0.01,0.79765625,,10184.0,0.5092,0.1201858000131324
56,CinCECGTorso,no_selection (baseline),0.8326086956521739,,20000.0,1.0,0.009411900013219565
57,CinCECGTorso,threshold=0.0,0.8326086956521739,,19998.0,0.9999,0.010921499982941896
58,CinCECGTorso,threshold=0.001,0.8442028985507246,,17126.0,0.8563,0.009369799983687699
59,CinCECGTorso,threshold=0.01,0.8565217391304348,,10670.0,0.5335,0.006753999972715974
60,Coffee,no_selection (baseline),1.0,,20000.0,1.0,0.010375500016380101
61,Coffee,threshold=0.0,1.0,,19779.0,0.98895,0.011667500017210841
62,Coffee,threshold=0.001,1.0,,10538.0,0.5269,0.008021899964660406
63,Coffee,threshold=0.01,1.0,,9366.0,0.4683,0.006702500046230853
64,Computers,no_selection (baseline),0.764,,20000.0,1.0,0.1142280999920331
65,Computers,threshold=0.0,0.764,,20000.0,1.0,0.08782159996917471
66,Computers,threshold=0.001,0.764,,19996.0,0.9998,0.08800950000295416
67,Computers,threshold=0.01,0.752,,15621.0,0.78105,0.07036640000296757
68,CricketX,no_selection (baseline),0.8205128205128205,,20000.0,1.0,0.14867409999715164
69,CricketX,threshold=0.0,0.8205128205128205,,20000.0,1.0,0.14104189997306094
70,CricketX,threshold=0.001,0.8179487179487179,,19590.0,0.9795,0.14437959995120764
71,CricketX,threshold=0.01,0.7948717948717948,,11673.0,0.58365,0.11044809996383265
72,CricketY,no_selection (baseline),0.8512820512820513,,20000.0,1.0,0.13071170001057908
73,CricketY,threshold=0.0,0.8512820512820513,,20000.0,1.0,0.139397100021597
74,CricketY,threshold=0.001,0.8461538461538461,,19689.0,0.98445,0.14297179999994114
75,CricketY,threshold=0.01,0.8076923076923077,,11524.0,0.5762,0.0972063000081107
76,CricketZ,no_selection (baseline),0.8589743589743589,,20000.0,1.0,0.15307489997940138
77,CricketZ,threshold=0.0,0.8589743589743589,,20000.0,1.0,0.13841359998332337
78,CricketZ,threshold=0.001,0.8641025641025641,,19601.0,0.98005,0.14645679999375716
79,CricketZ,threshold=0.01,0.8153846153846154,,11717.0,0.58585,0.11434400000143796
80,Crop,no_selection (baseline),0.7792261904761905,,20000.0,1.0,13.707483900012448
81,Crop,threshold=0.0,0.7792261904761905,,19727.0,0.98635,15.242464000009932
82,Crop,threshold=0.001,0.7811904761904762,,16867.0,0.84335,13.272780100000091
83,Crop,threshold=0.01,0.7669642857142858,,12340.0,0.617,12.512746499967761
84,DiatomSizeReduction,no_selection (baseline),0.9771241830065359,,20000.0,1.0,0.004740900010801852
85,DiatomSizeReduction,threshold=0.0,0.9771241830065359,,18504.0,0.9252,0.009629299980588257
86,DiatomSizeReduction,threshold=0.001,0.9771241830065359,,10922.0,0.5461,0.006808199977967888
87,DiatomSizeReduction,threshold=0.01,0.9771241830065359,,7058.0,0.3529,0.00455310003599152
88,DistalPhalanxOutlineAgeGroup,no_selection (baseline),0.7410071942446043,,20000.0,1.0,0.14715680002700537
89,DistalPhalanxOutlineAgeGroup,threshold=0.0,0.7410071942446043,,19910.0,0.9955,0.14810580003540963
90,DistalPhalanxOutlineAgeGroup,threshold=0.001,0.7482014388489209,,16796.0,0.8398,0.12759029999142513
91,DistalPhalanxOutlineAgeGroup,threshold=0.01,0.7553956834532374,,9992.0,0.4996,0.09014889999525622
92,DistalPhalanxOutlineCorrect,no_selection (baseline),0.7536231884057971,,20000.0,1.0,0.2327748999814503
93,DistalPhalanxOutlineCorrect,threshold=0.0,0.7536231884057971,,19984.0,0.9992,0.2578162999707274
94,DistalPhalanxOutlineCorrect,threshold=0.001,0.75,,17508.0,0.8754,0.22006619995227084
95,DistalPhalanxOutlineCorrect,threshold=0.01,0.7608695652173914,,10215.0,0.51075,0.16646969999419525
96,DistalPhalanxTW,no_selection (baseline),0.697841726618705,,20000.0,1.0,0.14214140002150089
97,DistalPhalanxTW,threshold=0.0,0.697841726618705,,19918.0,0.9959,0.1466923999832943
98,DistalPhalanxTW,threshold=0.001,0.6906474820143885,,16842.0,0.8421,0.12942680000560358
99,DistalPhalanxTW,threshold=0.01,0.6834532374100719,,10048.0,0.5024,0.1107285000034608
100,DodgerLoopDay,no_selection (baseline),0.525,,20000.0,1.0,0.022123999951872975
101,DodgerLoopDay,threshold=0.0,0.525,,19998.0,0.9999,0.023606599948834628
102,DodgerLoopDay,threshold=0.001,0.5375,,19740.0,0.987,0.023486100020818412
103,DodgerLoopDay,threshold=0.01,0.55,,11549.0,0.57745,0.012843600008636713
104,DodgerLoopGame,no_selection (baseline),0.8695652173913043,,20000.0,1.0,0.006104299973230809
105,DodgerLoopGame,threshold=0.0,0.8695652173913043,,19993.0,0.99965,0.00841840001521632
106,DodgerLoopGame,threshold=0.001,0.8695652173913043,,18231.0,0.91155,0.007669299957342446
107,DodgerLoopGame,threshold=0.01,0.8695652173913043,,12215.0,0.61075,0.00613390002399683
108,DodgerLoopWeekend,no_selection (baseline),0.9637681159420289,,20000.0,1.0,0.006331800017505884
109,DodgerLoopWeekend,threshold=0.0,0.9637681159420289,,19989.0,0.99945,0.008666699985042214
110,DodgerLoopWeekend,threshold=0.001,0.9637681159420289,,16757.0,0.83785,0.007271900016348809
111,DodgerLoopWeekend,threshold=0.01,0.9710144927536232,,11357.0,0.56785,0.005598799965810031
112,ECG200,no_selection (baseline),0.91,,20000.0,1.0,0.027971600007731467
113,ECG200,threshold=0.0,0.91,,19998.0,0.9999,0.030312899965792894
114,ECG200,threshold=0.001,0.91,,19134.0,0.9567,0.03595570003380999
115,ECG200,threshold=0.01,0.88,,11135.0,0.55675,0.015843599976506084
116,ECG5000,no_selection (baseline),0.9468888888888889,,20000.0,1.0,0.16225880000274628
117,ECG5000,threshold=0.0,0.9468888888888889,,19999.0,0.99995,0.1948913999949582
118,ECG5000,threshold=0.001,0.948,,18742.0,0.9371,0.18553670000983402
119,ECG5000,threshold=0.01,0.9482222222222222,,12397.0,0.61985,0.14644760004011914
120,ECGFiveDays,no_selection (baseline),1.0,,20000.0,1.0,0.007238499994855374
121,ECGFiveDays,threshold=0.0,1.0,,19996.0,0.9998,0.007373699976596981
122,ECGFiveDays,threshold=0.001,1.0,,14350.0,0.7175,0.0057693999842740595
123,ECGFiveDays,threshold=0.01,1.0,,10364.0,0.5182,0.004664999956730753
124,EOGHorizontalSignal,no_selection (baseline),0.585635359116022,,20000.0,1.0,0.13620340003399178
125,EOGHorizontalSignal,threshold=0.0,0.585635359116022,,20000.0,1.0,0.14981619996251538
126,EOGHorizontalSignal,threshold=0.001,0.5828729281767956,,19835.0,0.99175,0.1555841999943368
127,EOGHorizontalSignal,threshold=0.01,0.5966850828729282,,16908.0,0.8454,0.13137760001700372
128,EOGVerticalSignal,no_selection (baseline),0.5414364640883977,,20000.0,1.0,0.138900299964007
129,EOGVerticalSignal,threshold=0.0,0.5414364640883977,,20000.0,1.0,0.1490442999638617
130,EOGVerticalSignal,threshold=0.001,0.5524861878453039,,19915.0,0.99575,0.15547019999939948
131,EOGVerticalSignal,threshold=0.01,0.5414364640883977,,18423.0,0.92115,0.14350050000939518
132,Earthquakes,no_selection (baseline),0.7553956834532374,,20000.0,1.0,0.12997590005397797
133,Earthquakes,threshold=0.0,0.7553956834532374,,20000.0,1.0,0.12697529996512458
134,Earthquakes,threshold=0.001,0.7553956834532374,,19904.0,0.9952,0.1243850999744609
135,Earthquakes,threshold=0.01,0.7482014388489209,,10202.0,0.5101,0.07134539994876832
136,ElectricDevices,no_selection (baseline),0.7271430424069512,,20000.0,1.0,24.40742250002222
137,ElectricDevices,threshold=0.0,0.7271430424069512,,20000.0,1.0,24.706236500001978
138,ElectricDevices,threshold=0.001,0.7271430424069512,,20000.0,1.0,24.813813699991442
139,ElectricDevices,threshold=0.01,0.7255868240176372,,19679.0,0.98395,24.624280499992892
140,EthanolLevel,no_selection (baseline),0.592,,20000.0,1.0,0.1623431000043638
141,EthanolLevel,threshold=0.0,0.592,,18664.0,0.9332,0.1820505000068806
142,EthanolLevel,threshold=0.001,0.558,,8811.0,0.44055,0.12207969999872148
143,EthanolLevel,threshold=0.01,0.562,,6208.0,0.3104,0.09874909999780357
144,FaceAll,no_selection (baseline),0.9437869822485208,,20000.0,1.0,0.23013690003426746
145,FaceAll,threshold=0.0,0.9437869822485208,,20000.0,1.0,0.22283489996334538
146,FaceAll,threshold=0.001,0.9443786982248521,,19051.0,0.95255,0.21879700000863522
147,FaceAll,threshold=0.01,0.9355029585798816,,10252.0,0.5126,0.15448780002770945
148,FaceFour,no_selection (baseline),0.9772727272727273,,20000.0,1.0,0.007107699988409877
149,FaceFour,threshold=0.0,0.9772727272727273,,20000.0,1.0,0.009146299969870597
150,FaceFour,threshold=0.001,0.9659090909090909,,16001.0,0.80005,0.0075595000525936484
151,FaceFour,threshold=0.01,0.8181818181818182,,10250.0,0.5125,0.00552790000801906
152,FacesUCR,no_selection (baseline),0.9624390243902439,,20000.0,1.0,0.05882839998230338
153,FacesUCR,threshold=0.0,0.9624390243902439,,20000.0,1.0,0.06761410000035539
154,FacesUCR,threshold=0.001,0.9629268292682926,,19338.0,0.9669,0.059728700027335435
155,FacesUCR,threshold=0.01,0.9502439024390243,,10252.0,0.5126,0.03318900003796443
156,FiftyWords,no_selection (baseline),0.8263736263736263,,20000.0,1.0,0.21028100000694394
157,FiftyWords,threshold=0.0,0.8263736263736263,,20000.0,1.0,0.17862839996814728
158,FiftyWords,threshold=0.001,0.8307692307692308,,19696.0,0.9848,0.1841782999690622
159,FiftyWords,threshold=0.01,0.789010989010989,,11487.0,0.57435,0.11774780001724139
160,Fish,no_selection (baseline),0.9828571428571429,,20000.0,1.0,0.05311139998957515
161,Fish,threshold=0.0,0.9828571428571429,,18832.0,0.9416,0.04826349997892976
162,Fish,threshold=0.001,0.9885714285714285,,11773.0,0.58865,0.04637019999790937
163,Fish,threshold=0.01,0.9657142857142857,,7922.0,0.3961,0.02226719999453053
164,FordA,no_selection (baseline),0.9363636363636364,,20000.0,1.0,2.7217792999581434
165,FordA,threshold=0.0,0.9363636363636364,,19999.0,0.99995,2.9362438999814913
166,FordA,threshold=0.001,0.9424242424242424,,12745.0,0.63725,2.3781941999914125
167,FordA,threshold=0.01,0.9204545454545454,,10099.0,0.50495,2.255921500036493
168,FordB,no_selection (baseline),0.8037037037037037,,20000.0,1.0,2.6657415000372566
169,FordB,threshold=0.0,0.8037037037037037,,19998.0,0.9999,2.85305639996659
170,FordB,threshold=0.001,0.8148148148148148,,12112.0,0.6056,2.453302200010512
171,FordB,threshold=0.01,0.7901234567901234,,10061.0,0.50305,2.286717100010719
172,FreezerRegularTrain,no_selection (baseline),0.9978947368421053,,20000.0,1.0,0.037217300035990775
173,FreezerRegularTrain,threshold=0.0,0.9978947368421053,,19967.0,0.99835,0.042014600010588765
174,FreezerRegularTrain,threshold=0.001,0.9964912280701754,,14716.0,0.7358,0.03316569997696206
175,FreezerRegularTrain,threshold=0.01,0.9968421052631579,,11105.0,0.55525,0.02515900001162663
176,FreezerSmallTrain,no_selection (baseline),0.9575438596491228,,20000.0,1.0,0.007718999986536801
177,FreezerSmallTrain,threshold=0.0,0.9575438596491228,,19411.0,0.97055,0.008563300012610853
178,FreezerSmallTrain,threshold=0.001,0.9368421052631579,,14449.0,0.72245,0.0067971000098623335
179,FreezerSmallTrain,threshold=0.01,0.887719298245614,,11036.0,0.5518,0.005680200003553182
180,Fungi,no_selection (baseline),1.0,,20000.0,1.0,0.0069071000325493515
181,Fungi,threshold=0.0,1.0,,19997.0,0.99985,0.024698000052012503
182,Fungi,threshold=0.001,1.0,,19558.0,0.9779,0.009550000017043203
183,Fungi,threshold=0.01,1.0,,11670.0,0.5835,0.006211699976120144
184,GestureMidAirD1,no_selection (baseline),0.7769230769230769,,20000.0,1.0,0.06682410003850237
185,GestureMidAirD1,threshold=0.0,0.7769230769230769,,20000.0,1.0,0.06634129997109994
186,GestureMidAirD1,threshold=0.001,0.7769230769230769,,19998.0,0.9999,0.08501099998829886
187,GestureMidAirD1,threshold=0.01,0.7769230769230769,,18831.0,0.94155,0.06250359996920452
188,GestureMidAirD2,no_selection (baseline),0.6615384615384615,,20000.0,1.0,0.06701699999393895
189,GestureMidAirD2,threshold=0.0,0.6615384615384615,,19999.0,0.99995,0.06571049999911338
190,GestureMidAirD2,threshold=0.001,0.6615384615384615,,19990.0,0.9995,0.06587120000040159
191,GestureMidAirD2,threshold=0.01,0.6384615384615384,,17423.0,0.87115,0.057070499984547496
192,GestureMidAirD3,no_selection (baseline),0.4846153846153846,,20000.0,1.0,0.06613409996498376
193,GestureMidAirD3,threshold=0.0,0.4846153846153846,,19907.0,0.99535,0.06524270004592836
194,GestureMidAirD3,threshold=0.001,0.4846153846153846,,19858.0,0.9929,0.06761379999807104
195,GestureMidAirD3,threshold=0.01,0.4846153846153846,,17394.0,0.8697,0.057527099968865514
196,GesturePebbleZ1,no_selection (baseline),0.8953488372093024,,20000.0,1.0,0.0364877000101842
197,GesturePebbleZ1,threshold=0.0,0.8953488372093024,,19998.0,0.9999,0.054873700020834804
198,GesturePebbleZ1,threshold=0.001,0.8953488372093024,,19973.0,0.99865,0.03516149998176843
199,GesturePebbleZ1,threshold=0.01,0.8953488372093024,,16033.0,0.80165,0.02989900001557544
200,GesturePebbleZ2,no_selection (baseline),0.7911392405063291,,20000.0,1.0,0.041094299987889826
201,GesturePebbleZ2,threshold=0.0,0.7911392405063291,,20000.0,1.0,0.05264000000897795
202,GesturePebbleZ2,threshold=0.001,0.7974683544303798,,19971.0,0.99855,0.04007879999699071
203,GesturePebbleZ2,threshold=0.01,0.810126582278481,,16420.0,0.821,0.03338199999416247
204,GunPoint,no_selection (baseline),1.0,,20000.0,1.0,0.013290699978824705
205,GunPoint,threshold=0.0,1.0,,19958.0,0.9979,0.015162500028964132
206,GunPoint,threshold=0.001,1.0,,15953.0,0.79765,0.012327599979471415
207,GunPoint,threshold=0.01,1.0,,11328.0,0.5664,0.008340700005646795
208,GunPointAgeSpan,no_selection (baseline),0.9936708860759493,,20000.0,1.0,0.03697199997259304
209,GunPointAgeSpan,threshold=0.0,0.9936708860759493,,20000.0,1.0,0.03729220002423972
210,GunPointAgeSpan,threshold=0.001,0.990506329113924,,19987.0,0.99935,0.0366177000105381
211,GunPointAgeSpan,threshold=0.01,0.9936708860759493,,12029.0,0.60145,0.024607499944977462
212,GunPointMaleVersusFemale,no_selection (baseline),0.9936708860759493,,20000.0,1.0,0.03935750003438443
213,GunPointMaleVersusFemale,threshold=0.0,0.9936708860759493,,19997.0,0.99985,0.0446094999788329
214,GunPointMaleVersusFemale,threshold=0.001,0.9936708860759493,,19982.0,0.9991,0.03570120001677424
215,GunPointMaleVersusFemale,threshold=0.01,0.9936708860759493,,11920.0,0.596,0.024495100020430982
216,GunPointOldVersusYoung,no_selection (baseline),1.0,,20000.0,1.0,0.037827800028026104
217,GunPointOldVersusYoung,threshold=0.0,1.0,,19999.0,0.99995,0.03646650002337992
218,GunPointOldVersusYoung,threshold=0.001,1.0,,19988.0,0.9994,0.03735110000707209
219,GunPointOldVersusYoung,threshold=0.01,1.0,,11798.0,0.5899,0.023968699970282614
220,Ham,no_selection (baseline),0.7428571428571429,,20000.0,1.0,0.03334670001640916
221,Ham,threshold=0.0,0.7428571428571429,,20000.0,1.0,0.03524140000808984
222,Ham,threshold=0.001,0.7428571428571429,,17591.0,0.87955,0.027203500038012862
223,Ham,threshold=0.01,0.6952380952380952,,10225.0,0.51125,0.017161099996883422
224,HandOutlines,no_selection (baseline),0.9459459459459459,,20000.0,1.0,0.39736549998633564
225,HandOutlines,threshold=0.0,0.9459459459459459,,18730.0,0.9365,0.4317373000085354
226,HandOutlines,threshold=0.001,0.9513513513513514,,11265.0,0.56325,0.35902070003794506
227,HandOutlines,threshold=0.01,0.9513513513513514,,7529.0,0.37645,0.30111540004145354
228,Haptics,no_selection (baseline),0.538961038961039,,20000.0,1.0,0.04436090000672266
229,Haptics,threshold=0.0,0.538961038961039,,20000.0,1.0,0.042924400011543185
230,Haptics,threshold=0.001,0.538961038961039,,15976.0,0.7988,0.03576249995967373
231,Haptics,threshold=0.01,0.5292207792207793,,10383.0,0.51915,0.025294699997175485
232,Herring,no_selection (baseline),0.625,,20000.0,1.0,0.01618790003703907
233,Herring,threshold=0.0,0.625,,18855.0,0.94275,0.01774239999940619
234,Herring,threshold=0.001,0.609375,,10732.0,0.5366,0.010911299963481724
235,Herring,threshold=0.01,0.578125,,7657.0,0.38285,0.008622800000011921
236,HouseTwenty,no_selection (baseline),0.9663865546218487,,20000.0,1.0,0.01079339999705553
237,HouseTwenty,threshold=0.0,0.9663865546218487,,20000.0,1.0,0.013222299981862307
238,HouseTwenty,threshold=0.001,0.9411764705882353,,14627.0,0.73135,0.009948100021574646
239,HouseTwenty,threshold=0.01,0.8739495798319328,,10640.0,0.532,0.008232399995904416
240,InlineSkate,no_selection (baseline),0.48545454545454547,,20000.0,1.0,0.031046100019011647
241,InlineSkate,threshold=0.0,0.48545454545454547,,19340.0,0.967,0.032120399991981685
242,InlineSkate,threshold=0.001,0.4709090909090909,,15319.0,0.76595,0.02059900003951043
243,InlineSkate,threshold=0.01,0.4290909090909091,,9561.0,0.47805,0.014192899980116636
244,InsectEPGRegularTrain,no_selection (baseline),1.0,,20000.0,1.0,0.016127799986861646
245,InsectEPGRegularTrain,threshold=0.0,1.0,,16376.0,0.8188,0.015664200007449836
246,InsectEPGRegularTrain,threshold=0.001,1.0,,11497.0,0.57485,0.009753799997270107
247,InsectEPGRegularTrain,threshold=0.01,1.0,,6419.0,0.32095,0.006733600050210953
248,InsectEPGSmallTrain,no_selection (baseline),1.0,,20000.0,1.0,0.005929199978709221
249,InsectEPGSmallTrain,threshold=0.0,1.0,,16152.0,0.8076,0.007191399985458702
250,InsectEPGSmallTrain,threshold=0.001,1.0,,11439.0,0.57195,0.005485900037456304
251,InsectEPGSmallTrain,threshold=0.01,1.0,,6407.0,0.32035,0.003276799980085343
252,InsectWingbeatSound,no_selection (baseline),0.6707070707070707,,20000.0,1.0,0.06508640001993626
253,InsectWingbeatSound,threshold=0.0,0.6707070707070707,,19999.0,0.99995,0.07313689996954054
254,InsectWingbeatSound,threshold=0.001,0.6747474747474748,,18758.0,0.9379,0.06887840002309531
255,InsectWingbeatSound,threshold=0.01,0.651010101010101,,11627.0,0.58135,0.04477819998282939
256,ItalyPowerDemand,no_selection (baseline),0.9698736637512148,,20000.0,1.0,0.017218500026501715
257,ItalyPowerDemand,threshold=0.0,0.9698736637512148,,19992.0,0.9996,0.016276000009384006
258,ItalyPowerDemand,threshold=0.001,0.9698736637512148,,19964.0,0.9982,0.016402600042056292
259,ItalyPowerDemand,threshold=0.01,0.9698736637512148,,12649.0,0.63245,0.011732700048014522
260,LargeKitchenAppliances,no_selection (baseline),0.896,,20000.0,1.0,0.14947469998151064
261,LargeKitchenAppliances,threshold=0.0,0.896,,20000.0,1.0,0.16596369998296723
262,LargeKitchenAppliances,threshold=0.001,0.896,,18857.0,0.94285,0.16305959998862818
263,LargeKitchenAppliances,threshold=0.01,0.864,,11109.0,0.55545,0.10071919998154044
264,Lightning2,no_selection (baseline),0.7868852459016393,,20000.0,1.0,0.015604600019287318
265,Lightning2,threshold=0.0,0.7868852459016393,,19996.0,0.9998,0.018046599987428635
266,Lightning2,threshold=0.001,0.7704918032786885,,18527.0,0.92635,0.01743119995808229
267,Lightning2,threshold=0.01,0.7049180327868853,,11331.0,0.56655,0.010647499992046505
268,Lightning7,no_selection (baseline),0.8356164383561644,,20000.0,1.0,0.018308600003365427
269,Lightning7,threshold=0.0,0.8356164383561644,,19999.0,0.99995,0.020977500011213124
270,Lightning7,threshold=0.001,0.821917808219178,,19355.0,0.96775,0.020137599960435182
271,Lightning7,threshold=0.01,0.8082191780821918,,12148.0,0.6074,0.011171900026965886
272,Mallat,no_selection (baseline),0.9577825159914712,,20000.0,1.0,0.012964299996383488
273,Mallat,threshold=0.0,0.9577825159914712,,19970.0,0.9985,0.01502799999434501
274,Mallat,threshold=0.001,0.9458422174840085,,11971.0,0.59855,0.00916680000955239
275,Mallat,threshold=0.01,0.9368869936034115,,10087.0,0.50435,0.008686400018632412
276,Meat,no_selection (baseline),0.95,,20000.0,1.0,0.015291200019419193
277,Meat,threshold=0.0,0.95,,19214.0,0.9607,0.01826700003584847
278,Meat,threshold=0.001,0.9333333333333333,,7166.0,0.3583,0.008140599995385855
279,Meat,threshold=0.01,0.9166666666666666,,899.0,0.04495,0.003099900030065328
280,MedicalImages,no_selection (baseline),0.7921052631578948,,20000.0,1.0,0.15081029996508732
281,MedicalImages,threshold=0.0,0.7921052631578948,,20000.0,1.0,0.1687398999929428
282,MedicalImages,threshold=0.001,0.7934210526315789,,19608.0,0.9804,0.16701480001211166
283,MedicalImages,threshold=0.01,0.7842105263157895,,14021.0,0.70105,0.11794919997919351
284,MelbournePedestrian,no_selection (baseline),0.939319393193932,,20000.0,1.0,0.5142940999940038
285,MelbournePedestrian,threshold=0.0,0.939319393193932,,20000.0,1.0,0.5798833000008017
286,MelbournePedestrian,threshold=0.001,0.939729397293973,,19997.0,0.99985,0.6166976999957114
287,MelbournePedestrian,threshold=0.01,0.9270192701927019,,13943.0,0.69715,0.5006042999448255
288,MiddlePhalanxOutlineAgeGroup,no_selection (baseline),0.564935064935065,,20000.0,1.0,0.13855380000313744
289,MiddlePhalanxOutlineAgeGroup,threshold=0.0,0.564935064935065,,19797.0,0.98985,0.15392720000818372
290,MiddlePhalanxOutlineAgeGroup,threshold=0.001,0.5584415584415584,,15181.0,0.75905,0.12073259998578578
291,MiddlePhalanxOutlineAgeGroup,threshold=0.01,0.538961038961039,,9538.0,0.4769,0.0879856999963522
292,MiddlePhalanxOutlineCorrect,no_selection (baseline),0.8247422680412371,,20000.0,1.0,0.21981080004479736
293,MiddlePhalanxOutlineCorrect,threshold=0.0,0.8247422680412371,,19864.0,0.9932,0.26926689996616915
294,MiddlePhalanxOutlineCorrect,threshold=0.001,0.8178694158075601,,15268.0,0.7634,0.20831150002777576
295,MiddlePhalanxOutlineCorrect,threshold=0.01,0.8350515463917526,,9667.0,0.48335,0.1616867000120692
296,MiddlePhalanxTW,no_selection (baseline),0.577922077922078,,20000.0,1.0,0.1605445999884978
297,MiddlePhalanxTW,threshold=0.0,0.577922077922078,,19831.0,0.99155,0.14667950000148267
298,MiddlePhalanxTW,threshold=0.001,0.5844155844155844,,15515.0,0.77575,0.12003650004044175
299,MiddlePhalanxTW,threshold=0.01,0.5584415584415584,,9654.0,0.4827,0.08922510000411421
300,MixedShapesRegularTrain,no_selection (baseline),0.9694845360824742,,20000.0,1.0,0.16041750001022592
301,MixedShapesRegularTrain,threshold=0.0,0.9694845360824742,,19760.0,0.988,0.19066429999656975
302,MixedShapesRegularTrain,threshold=0.001,0.9694845360824742,,17541.0,0.87705,0.1894719999982044
303,MixedShapesRegularTrain,threshold=0.01,0.9595876288659794,,10266.0,0.5133,0.15221420000307262
304,MixedShapesSmallTrain,no_selection (baseline),0.9389690721649484,,20000.0,1.0,0.02415459998883307
305,MixedShapesSmallTrain,threshold=0.0,0.9389690721649484,,19580.0,0.979,0.025835300039034337
306,MixedShapesSmallTrain,threshold=0.001,0.9406185567010309,,17351.0,0.86755,0.023080900020431727
307,MixedShapesSmallTrain,threshold=0.01,0.9183505154639175,,10194.0,0.5097,0.01445900002727285
308,MoteStrain,no_selection (baseline),0.9097444089456869,,20000.0,1.0,0.006643200002145022
309,MoteStrain,threshold=0.0,0.9097444089456869,,20000.0,1.0,0.006761199969332665
310,MoteStrain,threshold=0.001,0.9089456869009584,,19941.0,0.99705,0.006572799989953637
311,MoteStrain,threshold=0.01,0.9249201277955271,,12552.0,0.6276,0.0048405000125057995
312,NonInvasiveFetalECGThorax1,no_selection (baseline),0.9587786259541985,,20000.0,1.0,1.0053709999774583
313,NonInvasiveFetalECGThorax1,threshold=0.0,0.9587786259541985,,19969.0,0.99845,1.018695699982345
314,NonInvasiveFetalECGThorax1,threshold=0.001,0.9516539440203562,,13000.0,0.65,0.8204382000258192
315,NonInvasiveFetalECGThorax1,threshold=0.01,0.9455470737913486,,9996.0,0.4998,0.7788370999624021
316,NonInvasiveFetalECGThorax2,no_selection (baseline),0.9694656488549618,,20000.0,1.0,0.9298131999676116
317,NonInvasiveFetalECGThorax2,threshold=0.0,0.9694656488549618,,19984.0,0.9992,1.0328100000042468
318,NonInvasiveFetalECGThorax2,threshold=0.001,0.9633587786259542,,13344.0,0.6672,0.8129749000072479
319,NonInvasiveFetalECGThorax2,threshold=0.01,0.9516539440203562,,10012.0,0.5006,0.7298584999516606
320,OSULeaf,no_selection (baseline),0.9421487603305785,,20000.0,1.0,0.06099209998501465
321,OSULeaf,threshold=0.0,0.9421487603305785,,19925.0,0.99625,0.05971579998731613
322,OSULeaf,threshold=0.001,0.9421487603305785,,17844.0,0.8922,0.05509330000495538
323,OSULeaf,threshold=0.01,0.8884297520661157,,10584.0,0.5292,0.033348799974191934
324,OliveOil,no_selection (baseline),0.9,,20000.0,1.0,0.008134899951983243
325,OliveOil,threshold=0.0,0.9,,19253.0,0.96265,0.010093699966091663
326,OliveOil,threshold=0.001,0.8666666666666667,,3843.0,0.19215,0.0032648000051267445
327,OliveOil,threshold=0.01,0.7666666666666667,,386.0,0.0193,0.0023347000242210925
328,PLAID,no_selection (baseline),0.8081936685288641,,20000.0,1.0,0.18203650001669303
329,PLAID,threshold=0.0,0.8081936685288641,,19838.0,0.9919,0.21983890002593398
330,PLAID,threshold=0.001,0.8026070763500931,,18337.0,0.91685,0.19873300002655014
331,PLAID,threshold=0.01,0.6014897579143389,,13021.0,0.65105,0.16883969999616966
332,PhalangesOutlinesCorrect,no_selection (baseline),0.8321678321678322,,20000.0,1.0,0.9596332999644801
333,PhalangesOutlinesCorrect,threshold=0.0,0.8321678321678322,,19979.0,0.99895,1.0090333000407554
334,PhalangesOutlinesCorrect,threshold=0.001,0.8298368298368298,,16564.0,0.8282,0.88152659998741
335,PhalangesOutlinesCorrect,threshold=0.01,0.824009324009324,,10086.0,0.5043,0.7348221999709494
336,Phoneme,no_selection (baseline),0.2790084388185654,,20000.0,1.0,0.0640580999897793
337,Phoneme,threshold=0.0,0.2790084388185654,,20000.0,1.0,0.0729309999733232
338,Phoneme,threshold=0.001,0.27742616033755274,,19866.0,0.9933,0.08173920004628599
339,Phoneme,threshold=0.01,0.25,,10557.0,0.52785,0.041115699976217
340,PickupGestureWiimoteZ,no_selection (baseline),0.8,,20000.0,1.0,0.01310189999639988
341,PickupGestureWiimoteZ,threshold=0.0,0.8,,19925.0,0.99625,0.01512709999224171
342,PickupGestureWiimoteZ,threshold=0.001,0.82,,17855.0,0.89275,0.014199300028849393
343,PickupGestureWiimoteZ,threshold=0.01,0.8,,15210.0,0.7605,0.012212199973873794
344,PigAirwayPressure,no_selection (baseline),0.7980769230769231,,20000.0,1.0,0.032701599993743
345,PigAirwayPressure,threshold=0.0,0.7980769230769231,,19991.0,0.99955,0.03357870003674179
346,PigAirwayPressure,threshold=0.001,0.8413461538461539,,18045.0,0.90225,0.028197300038300455
347,PigAirwayPressure,threshold=0.01,0.4951923076923077,,12653.0,0.63265,0.02044340001884848
348,PigArtPressure,no_selection (baseline),0.9567307692307693,,20000.0,1.0,0.03306240000529215
349,PigArtPressure,threshold=0.0,0.9567307692307693,,20000.0,1.0,0.03208690002793446
350,PigArtPressure,threshold=0.001,0.9615384615384616,,19387.0,0.96935,0.031679000006988645
351,PigArtPressure,threshold=0.01,0.6153846153846154,,10329.0,0.51645,0.017846499977167696
352,PigCVP,no_selection (baseline),0.9326923076923077,,20000.0,1.0,0.03218300000298768
353,PigCVP,threshold=0.0,0.9326923076923077,,20000.0,1.0,0.035175400029402226
354,PigCVP,threshold=0.001,0.9278846153846154,,19523.0,0.97615,0.030649599968455732
355,PigCVP,threshold=0.01,0.2644230769230769,,10473.0,0.52365,0.017972500005271286
356,Plane,no_selection (baseline),1.0,,20000.0,1.0,0.030190200021024793
357,Plane,threshold=0.0,1.0,,19946.0,0.9973,0.032563599990680814
358,Plane,threshold=0.001,1.0,,15653.0,0.78265,0.02258580003399402
359,Plane,threshold=0.01,1.0,,10434.0,0.5217,0.01618340000277385
360,PowerCons,no_selection (baseline),0.9833333333333333,,20000.0,1.0,0.0532857000362128
361,PowerCons,threshold=0.0,0.9833333333333333,,20000.0,1.0,0.05355279997456819
362,PowerCons,threshold=0.001,0.9833333333333333,,19918.0,0.9959,0.05182829999830574
363,PowerCons,threshold=0.01,0.9777777777777777,,11891.0,0.59455,0.034731100022327155
364,ProximalPhalanxOutlineAgeGroup,no_selection (baseline),0.8439024390243902,,20000.0,1.0,0.1407454000436701
365,ProximalPhalanxOutlineAgeGroup,threshold=0.0,0.8439024390243902,,19742.0,0.9871,0.14597599999979138
366,ProximalPhalanxOutlineAgeGroup,threshold=0.001,0.8634146341463415,,14229.0,0.71145,0.11274280003271997
367,ProximalPhalanxOutlineAgeGroup,threshold=0.01,0.8536585365853658,,8879.0,0.44395,0.08320190000813454
368,ProximalPhalanxOutlineCorrect,no_selection (baseline),0.8934707903780069,,20000.0,1.0,0.26067069999407977
369,ProximalPhalanxOutlineCorrect,threshold=0.0,0.8934707903780069,,19785.0,0.98925,0.24670059996424243
370,ProximalPhalanxOutlineCorrect,threshold=0.001,0.8969072164948454,,14247.0,0.71235,0.2125514000072144
371,ProximalPhalanxOutlineCorrect,threshold=0.01,0.9003436426116839,,9041.0,0.45205,0.15182369999820367
372,ProximalPhalanxTW,no_selection (baseline),0.8048780487804879,,20000.0,1.0,0.1437144000083208
373,ProximalPhalanxTW,threshold=0.0,0.8048780487804879,,19764.0,0.9882,0.14853529998799786
374,ProximalPhalanxTW,threshold=0.001,0.7853658536585366,,14267.0,0.71335,0.1282511000172235
375,ProximalPhalanxTW,threshold=0.01,0.7951219512195122,,8860.0,0.443,0.08254350000061095
376,RefrigerationDevices,no_selection (baseline),0.5386666666666666,,20000.0,1.0,0.15095389995258301
377,RefrigerationDevices,threshold=0.0,0.5386666666666666,,20000.0,1.0,0.16394499997841194
378,RefrigerationDevices,threshold=0.001,0.536,,19996.0,0.9998,0.16421359998639673
379,RefrigerationDevices,threshold=0.01,0.536,,11902.0,0.5951,0.10808480001287535
380,Rock,no_selection (baseline),0.68,,20000.0,1.0,0.006277400010731071
381,Rock,threshold=0.0,0.68,,19996.0,0.9998,0.008245800039730966
382,Rock,threshold=0.001,0.68,,19908.0,0.9954,0.008149700006470084
383,Rock,threshold=0.01,0.78,,14614.0,0.7307,0.00667760003125295
384,ScreenType,no_selection (baseline),0.5173333333333333,,20000.0,1.0,0.14973549998831004
385,ScreenType,threshold=0.0,0.5173333333333333,,20000.0,1.0,0.1632920000120066
386,ScreenType,threshold=0.001,0.5173333333333333,,19995.0,0.99975,0.16245900001376867
387,ScreenType,threshold=0.01,0.49333333333333335,,16320.0,0.816,0.15211359999375418
388,SemgHandGenderCh2,no_selection (baseline),0.8933333333333333,,20000.0,1.0,0.1033058000029996
389,SemgHandGenderCh2,threshold=0.0,0.8933333333333333,,20000.0,1.0,0.1164507000357844
390,SemgHandGenderCh2,threshold=0.001,0.9333333333333333,,12298.0,0.6149,0.0759904999868013
391,SemgHandGenderCh2,threshold=0.01,0.91,,10298.0,0.5149,0.06608199997572228
392,SemgHandMovementCh2,no_selection (baseline),0.6133333333333333,,20000.0,1.0,0.16496920003555715
393,SemgHandMovementCh2,threshold=0.0,0.6133333333333333,,20000.0,1.0,0.17510589997982606
394,SemgHandMovementCh2,threshold=0.001,0.6422222222222222,,12228.0,0.6114,0.11775149998720735
395,SemgHandMovementCh2,threshold=0.01,0.6044444444444445,,10241.0,0.51205,0.1256440000142902
396,SemgHandSubjectCh2,no_selection (baseline),0.8355555555555556,,20000.0,1.0,0.16484320000745356
397,SemgHandSubjectCh2,threshold=0.0,0.8355555555555556,,20000.0,1.0,0.17870340001536533
398,SemgHandSubjectCh2,threshold=0.001,0.8866666666666667,,12296.0,0.6148,0.12059690000023693
399,SemgHandSubjectCh2,threshold=0.01,0.8488888888888889,,10247.0,0.51235,0.12817749998066574
400,ShakeGestureWiimoteZ,no_selection (baseline),0.94,,20000.0,1.0,0.013090699969325215
401,ShakeGestureWiimoteZ,threshold=0.0,0.94,,19996.0,0.9998,0.01566510001430288
402,ShakeGestureWiimoteZ,threshold=0.001,0.92,,19778.0,0.9889,0.015092200017534196
403,ShakeGestureWiimoteZ,threshold=0.01,0.88,,15562.0,0.7781,0.012437500001396984
404,ShapeletSim,no_selection (baseline),1.0,,20000.0,1.0,0.006309200020041317
405,ShapeletSim,threshold=0.0,1.0,,20000.0,1.0,0.008543599979020655
406,ShapeletSim,threshold=0.001,0.6944444444444444,,10531.0,0.52655,0.00538859999505803
407,ShapeletSim,threshold=0.01,0.6944444444444444,,10034.0,0.5017,0.005267200001981109
408,ShapesAll,no_selection (baseline),0.9066666666666666,,20000.0,1.0,0.24595530005171895
409,ShapesAll,threshold=0.0,0.9066666666666666,,19861.0,0.99305,0.25473889999557287
410,ShapesAll,threshold=0.001,0.915,,18866.0,0.9433,0.23656620003748685
411,ShapesAll,threshold=0.01,0.8916666666666667,,11193.0,0.55965,0.18185180000727996
412,SmallKitchenAppliances,no_selection (baseline),0.8213333333333334,,20000.0,1.0,0.15433970000594854
413,SmallKitchenAppliances,threshold=0.0,0.8213333333333334,,20000.0,1.0,0.17254709999542683
414,SmallKitchenAppliances,threshold=0.001,0.8213333333333334,,19805.0,0.99025,0.1555594999808818
415,SmallKitchenAppliances,threshold=0.01,0.7973333333333333,,10642.0,0.5321,0.09850429999642074
416,SmoothSubspace,no_selection (baseline),0.9733333333333334,,20000.0,1.0,0.042396800010465086
417,SmoothSubspace,threshold=0.0,0.9733333333333334,,19968.0,0.9984,0.04347080003935844
418,SmoothSubspace,threshold=0.001,0.9733333333333334,,19849.0,0.99245,0.04207660001702607
419,SmoothSubspace,threshold=0.01,0.9733333333333334,,14648.0,0.7324,0.033092400000896305
420,SonyAIBORobotSurface1,no_selection (baseline),0.9217970049916805,,20000.0,1.0,0.006819000001996756
421,SonyAIBORobotSurface1,threshold=0.0,0.9217970049916805,,19997.0,0.99985,0.008198700030334294
422,SonyAIBORobotSurface1,threshold=0.001,0.9184692179700499,,18814.0,0.9407,0.012478600023314357
423,SonyAIBORobotSurface1,threshold=0.01,0.9334442595673876,,10499.0,0.52495,0.004209999984595925
424,SonyAIBORobotSurface2,no_selection (baseline),0.9244491080797481,,20000.0,1.0,0.008332900004461408
425,SonyAIBORobotSurface2,threshold=0.0,0.9244491080797481,,20000.0,1.0,0.008423399995081127
426,SonyAIBORobotSurface2,threshold=0.001,0.9202518363064008,,19122.0,0.9561,0.008036699960939586
427,SonyAIBORobotSurface2,threshold=0.01,0.9118572927597062,,10385.0,0.51925,0.005257100041490048
428,StarLightCurves,no_selection (baseline),0.9808159300631375,,20000.0,1.0,0.415201399999205
429,StarLightCurves,threshold=0.0,0.9808159300631375,,19741.0,0.98705,0.46989639999810606
430,StarLightCurves,threshold=0.001,0.980330257406508,,17437.0,0.87185,0.4706331000197679
431,StarLightCurves,threshold=0.01,0.9793589120932491,,11638.0,0.5819,0.34999050002079457
432,Strawberry,no_selection (baseline),0.981081081081081,,20000.0,1.0,0.24591509997844696
433,Strawberry,threshold=0.0,0.981081081081081,,19852.0,0.9926,0.2647735000355169
434,Strawberry,threshold=0.001,0.9837837837837838,,14982.0,0.7491,0.20505659998161718
435,Strawberry,threshold=0.01,0.9702702702702702,,9716.0,0.4858,0.16786980000324547
436,SwedishLeaf,no_selection (baseline),0.9616,,20000.0,1.0,0.197888900001999
437,SwedishLeaf,threshold=0.0,0.9616,,19999.0,0.99995,0.19754520000424236
438,SwedishLeaf,threshold=0.001,0.9616,,19347.0,0.96735,0.19351989997085184
439,SwedishLeaf,threshold=0.01,0.9696,,11000.0,0.55,0.13673669996205717
440,Symbols,no_selection (baseline),0.9728643216080402,,20000.0,1.0,0.007769799965899438
441,Symbols,threshold=0.0,0.9728643216080402,,19945.0,0.99725,0.007515100005548447
442,Symbols,threshold=0.001,0.9768844221105528,,18790.0,0.9395,0.0072327000088989735
443,Symbols,threshold=0.01,0.9738693467336683,,16783.0,0.83915,0.006569700024556369
444,SyntheticControl,no_selection (baseline),1.0,,20000.0,1.0,0.11744000000180677
445,SyntheticControl,threshold=0.0,1.0,,20000.0,1.0,0.11740290001034737
446,SyntheticControl,threshold=0.001,1.0,,20000.0,1.0,0.11788610002258793
447,SyntheticControl,threshold=0.01,1.0,,13772.0,0.6886,0.08516020001843572
448,ToeSegmentation1,no_selection (baseline),0.956140350877193,,20000.0,1.0,0.010637800034601241
449,ToeSegmentation1,threshold=0.0,0.956140350877193,,20000.0,1.0,0.012955100042745471
450,ToeSegmentation1,threshold=0.001,0.956140350877193,,19636.0,0.9818,0.011864300002343953
451,ToeSegmentation1,threshold=0.01,0.9473684210526315,,10942.0,0.5471,0.006795499997679144
452,ToeSegmentation2,no_selection (baseline),0.9153846153846154,,20000.0,1.0,0.011893200047779828
453,ToeSegmentation2,threshold=0.0,0.9153846153846154,,20000.0,1.0,0.012898999964818358
454,ToeSegmentation2,threshold=0.001,0.9153846153846154,,19435.0,0.97175,0.011510299984365702
455,ToeSegmentation2,threshold=0.01,0.9,,11026.0,0.5513,0.007485500012990087
456,Trace,no_selection (baseline),1.0,,20000.0,1.0,0.028083600045647472
457,Trace,threshold=0.0,1.0,,19998.0,0.9999,0.030529799987562
458,Trace,threshold=0.001,1.0,,16011.0,0.80055,0.02123409998603165
459,Trace,threshold=0.01,1.0,,12101.0,0.60505,0.016035699984058738
460,TwoLeadECG,no_selection (baseline),0.9991220368744512,,20000.0,1.0,0.008963499974925071
461,TwoLeadECG,threshold=0.0,0.9991220368744512,,19886.0,0.9943,0.007108300051186234
462,TwoLeadECG,threshold=0.001,0.9991220368744512,,14532.0,0.7266,0.005715599982067943
463,TwoLeadECG,threshold=0.01,1.0,,10153.0,0.50765,0.004502299998421222
464,TwoPatterns,no_selection (baseline),1.0,,20000.0,1.0,0.3950897000031546
465,TwoPatterns,threshold=0.0,1.0,,20000.0,1.0,0.43779799999902025
466,TwoPatterns,threshold=0.001,1.0,,19183.0,0.95915,0.42580299999099225
467,TwoPatterns,threshold=0.01,1.0,,10763.0,0.53815,0.33785439998609945
468,UMD,no_selection (baseline),0.9861111111111112,,20000.0,1.0,0.009681100025773048
469,UMD,threshold=0.0,0.9861111111111112,,19847.0,0.99235,0.011789500014856458
470,UMD,threshold=0.001,0.9930555555555556,,16514.0,0.8257,0.01067510002758354
471,UMD,threshold=0.01,0.9791666666666666,,11012.0,0.5506,0.006225100019946694
472,UWaveGestureLibraryAll,no_selection (baseline),0.9754327191513121,,20000.0,1.0,0.3791417999891564
473,UWaveGestureLibraryAll,threshold=0.0,0.9754327191513121,,20000.0,1.0,0.4186805000063032
474,UWaveGestureLibraryAll,threshold=0.001,0.9754327191513121,,19151.0,0.95755,0.40024190000258386
475,UWaveGestureLibraryAll,threshold=0.01,0.9737576772752652,,10522.0,0.5261,0.31604630005313084
476,UWaveGestureLibraryX,no_selection (baseline),0.855108877721943,,20000.0,1.0,0.4076130999601446
477,UWaveGestureLibraryX,threshold=0.0,0.855108877721943,,20000.0,1.0,0.4148451999644749
478,UWaveGestureLibraryX,threshold=0.001,0.8576214405360134,,19269.0,0.96345,0.39959410001756623
479,UWaveGestureLibraryX,threshold=0.01,0.8553880513679508,,13728.0,0.6864,0.3208911999827251
480,UWaveGestureLibraryY,no_selection (baseline),0.7814070351758794,,20000.0,1.0,0.3726450999965891
481,UWaveGestureLibraryY,threshold=0.0,0.7814070351758794,,20000.0,1.0,0.4232888000551611
482,UWaveGestureLibraryY,threshold=0.001,0.7814070351758794,,19027.0,0.95135,0.4245208000065759
483,UWaveGestureLibraryY,threshold=0.01,0.7660524846454495,,14303.0,0.71515,0.3767899999511428
484,UWaveGestureLibraryZ,no_selection (baseline),0.7978782802903406,,20000.0,1.0,0.3991589000215754
485,UWaveGestureLibraryZ,threshold=0.0,0.7978782802903406,,20000.0,1.0,0.41087309998692945
486,UWaveGestureLibraryZ,threshold=0.001,0.798715801228364,,19254.0,0.9627,0.3974084999645129
487,UWaveGestureLibraryZ,threshold=0.01,0.7889447236180904,,13583.0,0.67915,0.3251501999911852
488,Wafer,no_selection (baseline),0.9983776768332252,,20000.0,1.0,0.3841010000323877
489,Wafer,threshold=0.0,0.9983776768332252,,20000.0,1.0,0.4348578000208363
490,Wafer,threshold=0.001,0.9978909798831928,,16831.0,0.84155,0.40790869999909773
491,Wafer,threshold=0.01,0.9983776768332252,,11624.0,0.5812,0.3270652000210248
492,Wine,no_selection (baseline),0.7962962962962963,,20000.0,1.0,0.015522899979259819
493,Wine,threshold=0.0,0.7962962962962963,,19448.0,0.9724,0.01744890003465116
494,Wine,threshold=0.001,0.7592592592592593,,7596.0,0.3798,0.007150599965825677
495,Wine,threshold=0.01,0.7407407407407407,,2621.0,0.13105,0.003887500031851232
496,WordSynonyms,no_selection (baseline),0.7492163009404389,,20000.0,1.0,0.10847520001698285
497,WordSynonyms,threshold=0.0,0.7492163009404389,,19999.0,0.99995,0.09601560002192855
498,WordSynonyms,threshold=0.001,0.7492163009404389,,19676.0,0.9838,0.09364930004812777
499,WordSynonyms,threshold=0.01,0.7225705329153606,,11426.0,0.5713,0.0609483000007458
500,Worms,no_selection (baseline),0.7142857142857143,,20000.0,1.0,0.05217719997745007
501,Worms,threshold=0.0,0.7142857142857143,,20000.0,1.0,0.051802300033159554
502,Worms,threshold=0.001,0.7142857142857143,,19540.0,0.977,0.05140739999478683
503,Worms,threshold=0.01,0.7012987012987013,,15371.0,0.76855,0.03941550001036376
504,WormsTwoClass,no_selection (baseline),0.8051948051948052,,20000.0,1.0,0.051713299995753914
505,WormsTwoClass,threshold=0.0,0.8051948051948052,,20000.0,1.0,0.0545146000222303
506,WormsTwoClass,threshold=0.001,0.8051948051948052,,19585.0,0.97925,0.05104280001251027
507,WormsTwoClass,threshold=0.01,0.7792207792207793,,15332.0,0.7666,0.03925229999003932
508,Yoga,no_selection (baseline),0.9096666666666666,,20000.0,1.0,0.09651450003730133
509,Yoga,threshold=0.0,0.9096666666666666,,19957.0,0.99785,0.11840850004227832
510,Yoga,threshold=0.001,0.9096666666666666,,16380.0,0.819,0.09513430000515655
511,Yoga,threshold=0.01,0.8956666666666667,,10491.0,0.52455,0.06633219996001571
