,dataset,run,accuracy
0,ACSF1,0,0.87
1,ACSF1,1,0.88
2,ACSF1,2,0.88
3,ACSF1,3,0.89
4,ACSF1,4,0.87
5,ACSF1,5,0.88
6,ACSF1,6,0.88
7,ACSF1,7,0.86
8,ACSF1,8,0.85
9,ACSF1,9,0.87
10,Adiac,0,0.7979539641943734
11,Adiac,1,0.782608695652174
12,Adiac,2,0.7902813299232737
13,Adiac,3,0.782608695652174
14,Adiac,4,0.782608695652174
15,Adiac,5,0.7774936061381074
16,Adiac,6,0.7953964194373402
17,Adiac,7,0.782608695652174
18,Adiac,8,0.7851662404092071
19,Adiac,9,0.7749360613810742
20,AllGestureWiimoteX,0,0.7314285714285714
21,AllGestureWiimoteX,1,0.73
22,AllGestureWiimoteX,2,0.7314285714285714
23,AllGestureWiimoteX,3,0.7228571428571429
24,AllGestureWiimoteX,4,0.7328571428571429
25,AllGestureWiimoteX,5,0.7242857142857143
26,AllGestureWiimoteX,6,0.7328571428571429
27,AllGestureWiimoteX,7,0.7314285714285714
28,AllGestureWiimoteX,8,0.7342857142857143
29,AllGestureWiimoteX,9,0.73
30,AllGestureWiimoteY,0,0.7271428571428571
31,AllGestureWiimoteY,1,0.7285714285714285
32,AllGestureWiimoteY,2,0.7257142857142858
33,AllGestureWiimoteY,3,0.73
34,AllGestureWiimoteY,4,0.73
35,AllGestureWiimoteY,5,0.73
36,AllGestureWiimoteY,6,0.73
37,AllGestureWiimoteY,7,0.73
38,AllGestureWiimoteY,8,0.7271428571428571
39,AllGestureWiimoteY,9,0.7271428571428571
40,AllGestureWiimoteZ,0,0.7185714285714285
41,AllGestureWiimoteZ,1,0.7028571428571428
42,AllGestureWiimoteZ,2,0.7085714285714285
43,AllGestureWiimoteZ,3,0.7085714285714285
44,AllGestureWiimoteZ,4,0.7014285714285714
45,AllGestureWiimoteZ,5,0.7028571428571428
46,AllGestureWiimoteZ,6,0.7071428571428572
47,AllGestureWiimoteZ,7,0.71
48,AllGestureWiimoteZ,8,0.7171428571428572
49,AllGestureWiimoteZ,9,0.7057142857142857
50,ArrowHead,0,0.8171428571428572
51,ArrowHead,1,0.8171428571428572
52,ArrowHead,2,0.7942857142857143
53,ArrowHead,3,0.7942857142857143
54,ArrowHead,4,0.8057142857142857
55,ArrowHead,5,0.8
56,ArrowHead,6,0.8057142857142857
57,ArrowHead,7,0.8114285714285714
58,ArrowHead,8,0.8057142857142857
59,ArrowHead,9,0.8171428571428572
60,BME,0,1.0
61,BME,1,1.0
62,BME,2,1.0
63,BME,3,1.0
64,BME,4,1.0
65,BME,5,1.0
66,BME,6,1.0
67,BME,7,1.0
68,BME,8,1.0
69,BME,9,1.0
70,Beef,0,0.8
71,Beef,1,0.8
72,Beef,2,0.8
73,Beef,3,0.8
74,Beef,4,0.7666666666666667
75,Beef,5,0.8
76,Beef,6,0.8
77,Beef,7,0.8
78,Beef,8,0.8
79,Beef,9,0.8
80,BeetleFly,0,0.9
81,BeetleFly,1,0.9
82,BeetleFly,2,0.9
83,BeetleFly,3,0.9
84,BeetleFly,4,0.9
85,BeetleFly,5,0.9
86,BeetleFly,6,0.9
87,BeetleFly,7,0.85
88,BeetleFly,8,0.9
89,BeetleFly,9,0.9
90,BirdChicken,0,0.9
91,BirdChicken,1,0.9
92,BirdChicken,2,0.9
93,BirdChicken,3,0.9
94,BirdChicken,4,0.9
95,BirdChicken,5,0.9
96,BirdChicken,6,0.9
97,BirdChicken,7,0.9
98,BirdChicken,8,0.9
99,BirdChicken,9,0.9
100,CBF,0,1.0
101,CBF,1,1.0
102,CBF,2,1.0
103,CBF,3,1.0
104,CBF,4,1.0
105,CBF,5,1.0
106,CBF,6,1.0
107,CBF,7,1.0
108,CBF,8,1.0
109,CBF,9,1.0
110,Car,0,0.9
111,Car,1,0.8833333333333333
112,Car,2,0.8833333333333333
113,Car,3,0.8833333333333333
114,Car,4,0.8833333333333333
115,Car,5,0.9166666666666666
116,Car,6,0.8833333333333333
117,Car,7,0.9
118,Car,8,0.8833333333333333
119,Car,9,0.9
120,Chinatown,0,0.9825072886297376
121,Chinatown,1,0.9825072886297376
122,Chinatown,2,0.9825072886297376
123,Chinatown,3,0.9825072886297376
124,Chinatown,4,0.9825072886297376
125,Chinatown,5,0.9825072886297376
126,Chinatown,6,0.9825072886297376
127,Chinatown,7,0.9825072886297376
128,Chinatown,8,0.9825072886297376
129,Chinatown,9,0.9825072886297376
130,ChlorineConcentration,0,0.82109375
131,ChlorineConcentration,1,0.8177083333333334
132,ChlorineConcentration,2,0.8015625
133,ChlorineConcentration,3,0.7971354166666667
134,ChlorineConcentration,4,0.8208333333333333
135,ChlorineConcentration,5,0.8153645833333333
136,ChlorineConcentration,6,0.81953125
137,ChlorineConcentration,7,0.8091145833333333
138,ChlorineConcentration,8,0.8177083333333334
139,ChlorineConcentration,9,0.8119791666666667
140,CinCECGTorso,0,0.8434782608695652
141,CinCECGTorso,1,0.8384057971014492
142,CinCECGTorso,2,0.8376811594202899
143,CinCECGTorso,3,0.8340579710144927
144,CinCECGTorso,4,0.836231884057971
145,CinCECGTorso,5,0.8355072463768116
146,CinCECGTorso,6,0.8376811594202899
147,CinCECGTorso,7,0.8340579710144927
148,CinCECGTorso,8,0.8420289855072464
149,CinCECGTorso,9,0.8405797101449275
150,Coffee,0,1.0
151,Coffee,1,1.0
152,Coffee,2,1.0
153,Coffee,3,1.0
154,Coffee,4,1.0
155,Coffee,5,1.0
156,Coffee,6,1.0
157,Coffee,7,1.0
158,Coffee,8,1.0
159,Coffee,9,1.0
160,Computers,0,0.776
161,Computers,1,0.772
162,Computers,2,0.768
163,Computers,3,0.78
164,Computers,4,0.776
165,Computers,5,0.756
166,Computers,6,0.764
167,Computers,7,0.772
168,Computers,8,0.78
169,Computers,9,0.78
170,CricketX,0,0.8205128205128205
171,CricketX,1,0.8153846153846154
172,CricketX,2,0.8179487179487179
173,CricketX,3,0.8256410256410256
174,CricketX,4,0.8153846153846154
175,CricketX,5,0.8179487179487179
176,CricketX,6,0.8179487179487179
177,CricketX,7,0.8256410256410256
178,CricketX,8,0.8128205128205128
179,CricketX,9,0.8102564102564103
180,CricketY,0,0.8512820512820513
181,CricketY,1,0.8461538461538461
182,CricketY,2,0.8512820512820513
183,CricketY,3,0.8435897435897436
184,CricketY,4,0.8512820512820513
185,CricketY,5,0.8564102564102564
186,CricketY,6,0.8615384615384616
187,CricketY,7,0.8512820512820513
188,CricketY,8,0.8487179487179487
189,CricketY,9,0.8461538461538461
190,CricketZ,0,0.8461538461538461
191,CricketZ,1,0.8564102564102564
192,CricketZ,2,0.8589743589743589
193,CricketZ,3,0.8564102564102564
194,CricketZ,4,0.8487179487179487
195,CricketZ,5,0.8641025641025641
196,CricketZ,6,0.8435897435897436
197,CricketZ,7,0.841025641025641
198,CricketZ,8,0.8564102564102564
199,CricketZ,9,0.8512820512820513
200,Crop,0,0.7785119047619048
201,Crop,1,0.7782738095238095
202,Crop,2,0.7776785714285714
203,Crop,3,0.7808928571428572
204,Crop,4,0.7754761904761904
205,Crop,5,0.7792857142857142
206,Crop,6,0.7804166666666666
207,Crop,7,0.7788095238095238
208,Crop,8,0.7791666666666667
209,Crop,9,0.7794642857142857
210,DiatomSizeReduction,0,0.9673202614379085
211,DiatomSizeReduction,1,0.9673202614379085
212,DiatomSizeReduction,2,0.9705882352941176
213,DiatomSizeReduction,3,0.9771241830065359
214,DiatomSizeReduction,4,0.9771241830065359
215,DiatomSizeReduction,5,0.9771241830065359
216,DiatomSizeReduction,6,0.9705882352941176
217,DiatomSizeReduction,7,0.9738562091503268
218,DiatomSizeReduction,8,0.9771241830065359
219,DiatomSizeReduction,9,0.9771241830065359
220,DistalPhalanxOutlineAgeGroup,0,0.7482014388489209
221,DistalPhalanxOutlineAgeGroup,1,0.7338129496402878
222,DistalPhalanxOutlineAgeGroup,2,0.7266187050359713
223,DistalPhalanxOutlineAgeGroup,3,0.7410071942446043
224,DistalPhalanxOutlineAgeGroup,4,0.7338129496402878
225,DistalPhalanxOutlineAgeGroup,5,0.7410071942446043
226,DistalPhalanxOutlineAgeGroup,6,0.7482014388489209
227,DistalPhalanxOutlineAgeGroup,7,0.7266187050359713
228,DistalPhalanxOutlineAgeGroup,8,0.7553956834532374
229,DistalPhalanxOutlineAgeGroup,9,0.7553956834532374
230,DistalPhalanxOutlineCorrect,0,0.7536231884057971
231,DistalPhalanxOutlineCorrect,1,0.7608695652173914
232,DistalPhalanxOutlineCorrect,2,0.75
233,DistalPhalanxOutlineCorrect,3,0.7753623188405797
234,DistalPhalanxOutlineCorrect,4,0.7536231884057971
235,DistalPhalanxOutlineCorrect,5,0.7753623188405797
236,DistalPhalanxOutlineCorrect,6,0.75
237,DistalPhalanxOutlineCorrect,7,0.75
238,DistalPhalanxOutlineCorrect,8,0.7608695652173914
239,DistalPhalanxOutlineCorrect,9,0.7717391304347826
240,DistalPhalanxTW,0,0.697841726618705
241,DistalPhalanxTW,1,0.697841726618705
242,DistalPhalanxTW,2,0.6906474820143885
243,DistalPhalanxTW,3,0.6834532374100719
244,DistalPhalanxTW,4,0.697841726618705
245,DistalPhalanxTW,5,0.6834532374100719
246,DistalPhalanxTW,6,0.697841726618705
247,DistalPhalanxTW,7,0.697841726618705
248,DistalPhalanxTW,8,0.6834532374100719
249,DistalPhalanxTW,9,0.7050359712230215
250,DodgerLoopDay,0,0.525
251,DodgerLoopDay,1,0.5125
252,DodgerLoopDay,2,0.55
253,DodgerLoopDay,3,0.55
254,DodgerLoopDay,4,0.5375
255,DodgerLoopDay,5,0.55
256,DodgerLoopDay,6,0.5125
257,DodgerLoopDay,7,0.525
258,DodgerLoopDay,8,0.5125
259,DodgerLoopDay,9,0.525
260,DodgerLoopGame,0,0.8695652173913043
261,DodgerLoopGame,1,0.8695652173913043
262,DodgerLoopGame,2,0.8695652173913043
263,DodgerLoopGame,3,0.8623188405797102
264,DodgerLoopGame,4,0.8623188405797102
265,DodgerLoopGame,5,0.8695652173913043
266,DodgerLoopGame,6,0.8695652173913043
267,DodgerLoopGame,7,0.8695652173913043
268,DodgerLoopGame,8,0.8623188405797102
269,DodgerLoopGame,9,0.8768115942028986
270,DodgerLoopWeekend,0,0.9637681159420289
271,DodgerLoopWeekend,1,0.9637681159420289
272,DodgerLoopWeekend,2,0.9637681159420289
273,DodgerLoopWeekend,3,0.9637681159420289
274,DodgerLoopWeekend,4,0.9637681159420289
275,DodgerLoopWeekend,5,0.9637681159420289
276,DodgerLoopWeekend,6,0.9637681159420289
277,DodgerLoopWeekend,7,0.9637681159420289
278,DodgerLoopWeekend,8,0.9637681159420289
279,DodgerLoopWeekend,9,0.9637681159420289
280,ECG200,0,0.92
281,ECG200,1,0.92
282,ECG200,2,0.92
283,ECG200,3,0.92
284,ECG200,4,0.91
285,ECG200,5,0.92
286,ECG200,6,0.91
287,ECG200,7,0.92
288,ECG200,8,0.92
289,ECG200,9,0.91
290,ECG5000,0,0.9468888888888889
291,ECG5000,1,0.9471111111111111
292,ECG5000,2,0.9471111111111111
293,ECG5000,3,0.9466666666666667
294,ECG5000,4,0.9473333333333334
295,ECG5000,5,0.948
296,ECG5000,6,0.9477777777777778
297,ECG5000,7,0.9475555555555556
298,ECG5000,8,0.9473333333333334
299,ECG5000,9,0.9473333333333334
300,ECGFiveDays,0,1.0
301,ECGFiveDays,1,1.0
302,ECGFiveDays,2,1.0
303,ECGFiveDays,3,1.0
304,ECGFiveDays,4,1.0
305,ECGFiveDays,5,1.0
306,ECGFiveDays,6,1.0
307,ECGFiveDays,7,1.0
308,ECGFiveDays,8,1.0
309,ECGFiveDays,9,1.0
310,EOGHorizontalSignal,0,0.5911602209944752
311,EOGHorizontalSignal,1,0.6022099447513812
312,EOGHorizontalSignal,2,0.580110497237569
313,EOGHorizontalSignal,3,0.5662983425414365
314,EOGHorizontalSignal,4,0.580110497237569
315,EOGHorizontalSignal,5,0.5828729281767956
316,EOGHorizontalSignal,6,0.6022099447513812
317,EOGHorizontalSignal,7,0.580110497237569
318,EOGHorizontalSignal,8,0.5966850828729282
319,EOGHorizontalSignal,9,0.5718232044198895
320,EOGVerticalSignal,0,0.5441988950276243
321,EOGVerticalSignal,1,0.5552486187845304
322,EOGVerticalSignal,2,0.5469613259668509
323,EOGVerticalSignal,3,0.5248618784530387
324,EOGVerticalSignal,4,0.5607734806629834
325,EOGVerticalSignal,5,0.56353591160221
326,EOGVerticalSignal,6,0.5524861878453039
327,EOGVerticalSignal,7,0.5469613259668509
328,EOGVerticalSignal,8,0.5414364640883977
329,EOGVerticalSignal,9,0.5359116022099447
330,Earthquakes,0,0.7410071942446043
331,Earthquakes,1,0.762589928057554
332,Earthquakes,2,0.7697841726618705
333,Earthquakes,3,0.762589928057554
334,Earthquakes,4,0.7553956834532374
335,Earthquakes,5,0.7553956834532374
336,Earthquakes,6,0.7553956834532374
337,Earthquakes,7,0.7697841726618705
338,Earthquakes,8,0.7482014388489209
339,Earthquakes,9,0.7482014388489209
340,ElectricDevices,0,0.7324601219037739
341,ElectricDevices,1,0.7290883153935935
342,ElectricDevices,2,0.7302554791855791
343,ElectricDevices,3,0.731033588380236
344,ElectricDevices,4,0.7318116975748931
345,ElectricDevices,5,0.7240306056283232
346,ElectricDevices,6,0.7286992607962651
347,ElectricDevices,7,0.731033588380236
348,ElectricDevices,8,0.7288289456620413
349,ElectricDevices,9,0.7270133575411749
350,EthanolLevel,0,0.584
351,EthanolLevel,1,0.604
352,EthanolLevel,2,0.604
353,EthanolLevel,3,0.576
354,EthanolLevel,4,0.584
355,EthanolLevel,5,0.596
356,EthanolLevel,6,0.58
357,EthanolLevel,7,0.594
358,EthanolLevel,8,0.586
359,EthanolLevel,9,0.592
360,FaceAll,0,0.942603550295858
361,FaceAll,1,0.9467455621301775
362,FaceAll,2,0.9431952662721893
363,FaceAll,3,0.9431952662721893
364,FaceAll,4,0.9402366863905326
365,FaceAll,5,0.9485207100591716
366,FaceAll,6,0.9491124260355029
367,FaceAll,7,0.9437869822485208
368,FaceAll,8,0.9497041420118343
369,FaceAll,9,0.9479289940828403
370,FaceFour,0,0.9772727272727273
371,FaceFour,1,0.9772727272727273
372,FaceFour,2,0.9772727272727273
373,FaceFour,3,0.9659090909090909
374,FaceFour,4,0.9772727272727273
375,FaceFour,5,0.9772727272727273
376,FaceFour,6,0.9772727272727273
377,FaceFour,7,0.9772727272727273
378,FaceFour,8,0.9772727272727273
379,FaceFour,9,0.9659090909090909
380,FacesUCR,0,0.9609756097560975
381,FacesUCR,1,0.9609756097560975
382,FacesUCR,2,0.9619512195121951
383,FacesUCR,3,0.9609756097560975
384,FacesUCR,4,0.9614634146341463
385,FacesUCR,5,0.9634146341463414
386,FacesUCR,6,0.9609756097560975
387,FacesUCR,7,0.9614634146341463
388,FacesUCR,8,0.9604878048780487
389,FacesUCR,9,0.9619512195121951
390,FiftyWords,0,0.8197802197802198
391,FiftyWords,1,0.8263736263736263
392,FiftyWords,2,0.8351648351648352
393,FiftyWords,3,0.8263736263736263
394,FiftyWords,4,0.8307692307692308
395,FiftyWords,5,0.8219780219780219
396,FiftyWords,6,0.832967032967033
397,FiftyWords,7,0.8307692307692308
398,FiftyWords,8,0.8307692307692308
399,FiftyWords,9,0.8307692307692308
400,Fish,0,0.9771428571428571
401,Fish,1,0.9828571428571429
402,Fish,2,0.9828571428571429
403,Fish,3,0.9828571428571429
404,Fish,4,0.9828571428571429
405,Fish,5,0.9828571428571429
406,Fish,6,0.9828571428571429
407,Fish,7,0.9828571428571429
408,Fish,8,0.9828571428571429
409,Fish,9,0.9771428571428571
410,FordA,0,0.9318181818181818
411,FordA,1,0.9303030303030303
412,FordA,2,0.9371212121212121
413,FordA,3,0.9454545454545454
414,FordA,4,0.9386363636363636
415,FordA,5,0.9340909090909091
416,FordA,6,0.9325757575757576
417,FordA,7,0.9378787878787879
418,FordA,8,0.9348484848484848
419,FordA,9,0.9424242424242424
420,FordB,0,0.8012345679012346
421,FordB,1,0.8049382716049382
422,FordB,2,0.8098765432098766
423,FordB,3,0.8012345679012346
424,FordB,4,0.7975308641975308
425,FordB,5,0.7888888888888889
426,FordB,6,0.7901234567901234
427,FordB,7,0.8037037037037037
428,FordB,8,0.7962962962962963
429,FordB,9,0.7901234567901234
430,FreezerRegularTrain,0,0.9978947368421053
431,FreezerRegularTrain,1,0.9982456140350877
432,FreezerRegularTrain,2,0.9971929824561403
433,FreezerRegularTrain,3,0.9975438596491228
434,FreezerRegularTrain,4,0.9971929824561403
435,FreezerRegularTrain,5,0.9975438596491228
436,FreezerRegularTrain,6,0.9975438596491228
437,FreezerRegularTrain,7,0.9975438596491228
438,FreezerRegularTrain,8,0.9971929824561403
439,FreezerRegularTrain,9,0.9978947368421053
440,FreezerSmallTrain,0,0.9543859649122807
441,FreezerSmallTrain,1,0.9501754385964912
442,FreezerSmallTrain,2,0.9505263157894737
443,FreezerSmallTrain,3,0.9487719298245614
444,FreezerSmallTrain,4,0.9505263157894737
445,FreezerSmallTrain,5,0.9473684210526315
446,FreezerSmallTrain,6,0.9505263157894737
447,FreezerSmallTrain,7,0.9498245614035088
448,FreezerSmallTrain,8,0.9487719298245614
449,FreezerSmallTrain,9,0.9529824561403509
450,Fungi,0,1.0
451,Fungi,1,1.0
452,Fungi,2,1.0
453,Fungi,3,1.0
454,Fungi,4,1.0
455,Fungi,5,1.0
456,Fungi,6,1.0
457,Fungi,7,1.0
458,Fungi,8,1.0
459,Fungi,9,1.0
460,GestureMidAirD1,0,0.7769230769230769
461,GestureMidAirD1,1,0.7769230769230769
462,GestureMidAirD1,2,0.7769230769230769
463,GestureMidAirD1,3,0.7769230769230769
464,GestureMidAirD1,4,0.7769230769230769
465,GestureMidAirD1,5,0.7769230769230769
466,GestureMidAirD1,6,0.7769230769230769
467,GestureMidAirD1,7,0.7769230769230769
468,GestureMidAirD1,8,0.7769230769230769
469,GestureMidAirD1,9,0.7769230769230769
470,GestureMidAirD2,0,0.6692307692307692
471,GestureMidAirD2,1,0.6615384615384615
472,GestureMidAirD2,2,0.6538461538461539
473,GestureMidAirD2,3,0.6692307692307692
474,GestureMidAirD2,4,0.6538461538461539
475,GestureMidAirD2,5,0.6692307692307692
476,GestureMidAirD2,6,0.6692307692307692
477,GestureMidAirD2,7,0.6615384615384615
478,GestureMidAirD2,8,0.6538461538461539
479,GestureMidAirD2,9,0.6538461538461539
480,GestureMidAirD3,0,0.47692307692307695
481,GestureMidAirD3,1,0.47692307692307695
482,GestureMidAirD3,2,0.49230769230769234
483,GestureMidAirD3,3,0.47692307692307695
484,GestureMidAirD3,4,0.49230769230769234
485,GestureMidAirD3,5,0.49230769230769234
486,GestureMidAirD3,6,0.4846153846153846
487,GestureMidAirD3,7,0.47692307692307695
488,GestureMidAirD3,8,0.4846153846153846
489,GestureMidAirD3,9,0.4846153846153846
490,GesturePebbleZ1,0,0.8895348837209303
491,GesturePebbleZ1,1,0.8953488372093024
492,GesturePebbleZ1,2,0.8895348837209303
493,GesturePebbleZ1,3,0.8953488372093024
494,GesturePebbleZ1,4,0.8953488372093024
495,GesturePebbleZ1,5,0.9069767441860465
496,GesturePebbleZ1,6,0.9011627906976745
497,GesturePebbleZ1,7,0.8953488372093024
498,GesturePebbleZ1,8,0.8953488372093024
499,GesturePebbleZ1,9,0.9069767441860465
500,GesturePebbleZ2,0,0.8037974683544303
501,GesturePebbleZ2,1,0.8164556962025317
502,GesturePebbleZ2,2,0.8037974683544303
503,GesturePebbleZ2,3,0.810126582278481
504,GesturePebbleZ2,4,0.7848101265822784
505,GesturePebbleZ2,5,0.7911392405063291
506,GesturePebbleZ2,6,0.7911392405063291
507,GesturePebbleZ2,7,0.7848101265822784
508,GesturePebbleZ2,8,0.7848101265822784
509,GesturePebbleZ2,9,0.810126582278481
510,GunPoint,0,1.0
511,GunPoint,1,1.0
512,GunPoint,2,1.0
513,GunPoint,3,1.0
514,GunPoint,4,1.0
515,GunPoint,5,1.0
516,GunPoint,6,1.0
517,GunPoint,7,1.0
518,GunPoint,8,1.0
519,GunPoint,9,1.0
520,GunPointAgeSpan,0,0.990506329113924
521,GunPointAgeSpan,1,0.9873417721518988
522,GunPointAgeSpan,2,0.9936708860759493
523,GunPointAgeSpan,3,0.990506329113924
524,GunPointAgeSpan,4,0.990506329113924
525,GunPointAgeSpan,5,0.9936708860759493
526,GunPointAgeSpan,6,0.990506329113924
527,GunPointAgeSpan,7,0.9841772151898734
528,GunPointAgeSpan,8,0.990506329113924
529,GunPointAgeSpan,9,0.990506329113924
530,GunPointMaleVersusFemale,0,0.9968354430379747
531,GunPointMaleVersusFemale,1,0.9968354430379747
532,GunPointMaleVersusFemale,2,0.9968354430379747
533,GunPointMaleVersusFemale,3,1.0
534,GunPointMaleVersusFemale,4,1.0
535,GunPointMaleVersusFemale,5,1.0
536,GunPointMaleVersusFemale,6,1.0
537,GunPointMaleVersusFemale,7,0.9968354430379747
538,GunPointMaleVersusFemale,8,1.0
539,GunPointMaleVersusFemale,9,0.9968354430379747
540,GunPointOldVersusYoung,0,1.0
541,GunPointOldVersusYoung,1,1.0
542,GunPointOldVersusYoung,2,1.0
543,GunPointOldVersusYoung,3,1.0
544,GunPointOldVersusYoung,4,1.0
545,GunPointOldVersusYoung,5,1.0
546,GunPointOldVersusYoung,6,1.0
547,GunPointOldVersusYoung,7,1.0
548,GunPointOldVersusYoung,8,1.0
549,GunPointOldVersusYoung,9,1.0
550,Ham,0,0.7142857142857143
551,Ham,1,0.7333333333333333
552,Ham,2,0.7333333333333333
553,Ham,3,0.7238095238095238
554,Ham,4,0.6952380952380952
555,Ham,5,0.7238095238095238
556,Ham,6,0.7142857142857143
557,Ham,7,0.7238095238095238
558,Ham,8,0.7142857142857143
559,Ham,9,0.7428571428571429
560,HandOutlines,0,0.9405405405405406
561,HandOutlines,1,0.9432432432432433
562,HandOutlines,2,0.9486486486486486
563,HandOutlines,3,0.9432432432432433
564,HandOutlines,4,0.9459459459459459
565,HandOutlines,5,0.9405405405405406
566,HandOutlines,6,0.9459459459459459
567,HandOutlines,7,0.9432432432432433
568,HandOutlines,8,0.9432432432432433
569,HandOutlines,9,0.9405405405405406
570,Haptics,0,0.5324675324675324
571,Haptics,1,0.538961038961039
572,Haptics,2,0.5357142857142857
573,Haptics,3,0.538961038961039
574,Haptics,4,0.5194805194805194
575,Haptics,5,0.538961038961039
576,Haptics,6,0.5227272727272727
577,Haptics,7,0.5357142857142857
578,Haptics,8,0.5324675324675324
579,Haptics,9,0.5422077922077922
580,Herring,0,0.59375
581,Herring,1,0.625
582,Herring,2,0.625
583,Herring,3,0.625
584,Herring,4,0.640625
585,Herring,5,0.59375
586,Herring,6,0.640625
587,Herring,7,0.59375
588,Herring,8,0.609375
589,Herring,9,0.625
590,HouseTwenty,0,0.9663865546218487
591,HouseTwenty,1,0.9663865546218487
592,HouseTwenty,2,0.9663865546218487
593,HouseTwenty,3,0.9663865546218487
594,HouseTwenty,4,0.9663865546218487
595,HouseTwenty,5,0.957983193277311
596,HouseTwenty,6,0.9663865546218487
597,HouseTwenty,7,0.9663865546218487
598,HouseTwenty,8,0.9663865546218487
599,HouseTwenty,9,0.9663865546218487
600,InlineSkate,0,0.4727272727272727
601,InlineSkate,1,0.4781818181818182
602,InlineSkate,2,0.4672727272727273
603,InlineSkate,3,0.4709090909090909
604,InlineSkate,4,0.4727272727272727
605,InlineSkate,5,0.4763636363636364
606,InlineSkate,6,0.4672727272727273
607,InlineSkate,7,0.47454545454545455
608,InlineSkate,8,0.4690909090909091
609,InlineSkate,9,0.4781818181818182
610,InsectEPGRegularTrain,0,1.0
611,InsectEPGRegularTrain,1,1.0
612,InsectEPGRegularTrain,2,1.0
613,InsectEPGRegularTrain,3,1.0
614,InsectEPGRegularTrain,4,1.0
615,InsectEPGRegularTrain,5,1.0
616,InsectEPGRegularTrain,6,1.0
617,InsectEPGRegularTrain,7,1.0
618,InsectEPGRegularTrain,8,1.0
619,InsectEPGRegularTrain,9,1.0
620,InsectEPGSmallTrain,0,1.0
621,InsectEPGSmallTrain,1,1.0
622,InsectEPGSmallTrain,2,1.0
623,InsectEPGSmallTrain,3,1.0
624,InsectEPGSmallTrain,4,1.0
625,InsectEPGSmallTrain,5,1.0
626,InsectEPGSmallTrain,6,1.0
627,InsectEPGSmallTrain,7,1.0
628,InsectEPGSmallTrain,8,1.0
629,InsectEPGSmallTrain,9,1.0
630,InsectWingbeatSound,0,0.6636363636363637
631,InsectWingbeatSound,1,0.6661616161616162
632,InsectWingbeatSound,2,0.6656565656565656
633,InsectWingbeatSound,3,0.6646464646464646
634,InsectWingbeatSound,4,0.6601010101010101
635,InsectWingbeatSound,5,0.6671717171717172
636,InsectWingbeatSound,6,0.6676767676767676
637,InsectWingbeatSound,7,0.6595959595959596
638,InsectWingbeatSound,8,0.6666666666666666
639,InsectWingbeatSound,9,0.6707070707070707
640,ItalyPowerDemand,0,0.9698736637512148
641,ItalyPowerDemand,1,0.9698736637512148
642,ItalyPowerDemand,2,0.967930029154519
643,ItalyPowerDemand,3,0.9689018464528668
644,ItalyPowerDemand,4,0.967930029154519
645,ItalyPowerDemand,5,0.9698736637512148
646,ItalyPowerDemand,6,0.966958211856171
647,ItalyPowerDemand,7,0.9708454810495627
648,ItalyPowerDemand,8,0.9689018464528668
649,ItalyPowerDemand,9,0.967930029154519
650,LargeKitchenAppliances,0,0.9013333333333333
651,LargeKitchenAppliances,1,0.904
652,LargeKitchenAppliances,2,0.8826666666666667
653,LargeKitchenAppliances,3,0.9013333333333333
654,LargeKitchenAppliances,4,0.9013333333333333
655,LargeKitchenAppliances,5,0.9013333333333333
656,LargeKitchenAppliances,6,0.9013333333333333
657,LargeKitchenAppliances,7,0.904
658,LargeKitchenAppliances,8,0.896
659,LargeKitchenAppliances,9,0.896
660,Lightning2,0,0.7868852459016393
661,Lightning2,1,0.7868852459016393
662,Lightning2,2,0.7868852459016393
663,Lightning2,3,0.7868852459016393
664,Lightning2,4,0.7704918032786885
665,Lightning2,5,0.7704918032786885
666,Lightning2,6,0.8032786885245902
667,Lightning2,7,0.8032786885245902
668,Lightning2,8,0.8032786885245902
669,Lightning2,9,0.7868852459016393
670,Lightning7,0,0.8493150684931506
671,Lightning7,1,0.8082191780821918
672,Lightning7,2,0.8082191780821918
673,Lightning7,3,0.7945205479452054
674,Lightning7,4,0.8082191780821918
675,Lightning7,5,0.8356164383561644
676,Lightning7,6,0.8082191780821918
677,Lightning7,7,0.8493150684931506
678,Lightning7,8,0.8356164383561644
679,Lightning7,9,0.8356164383561644
680,Mallat,0,0.9547974413646055
681,Mallat,1,0.9552238805970149
682,Mallat,2,0.9547974413646055
683,Mallat,3,0.9547974413646055
684,Mallat,4,0.956503198294243
685,Mallat,5,0.9573560767590619
686,Mallat,6,0.9569296375266525
687,Mallat,7,0.9560767590618336
688,Mallat,8,0.9560767590618336
689,Mallat,9,0.9573560767590619
690,Meat,0,0.95
691,Meat,1,0.95
692,Meat,2,0.95
693,Meat,3,0.95
694,Meat,4,0.95
695,Meat,5,0.95
696,Meat,6,0.95
697,Meat,7,0.95
698,Meat,8,0.95
699,Meat,9,0.95
700,MedicalImages,0,0.7960526315789473
701,MedicalImages,1,0.7947368421052632
702,MedicalImages,2,0.7973684210526316
703,MedicalImages,3,0.7973684210526316
704,MedicalImages,4,0.7986842105263158
705,MedicalImages,5,0.7973684210526316
706,MedicalImages,6,0.7921052631578948
707,MedicalImages,7,0.7960526315789473
708,MedicalImages,8,0.7960526315789473
709,MedicalImages,9,0.7960526315789473
710,MelbournePedestrian,0,0.9438294382943829
711,MelbournePedestrian,1,0.9434194341943419
712,MelbournePedestrian,2,0.940959409594096
713,MelbournePedestrian,3,0.9372693726937269
714,MelbournePedestrian,4,0.940549405494055
715,MelbournePedestrian,5,0.941779417794178
716,MelbournePedestrian,6,0.9442394423944239
717,MelbournePedestrian,7,0.9430094300943009
718,MelbournePedestrian,8,0.9434194341943419
719,MelbournePedestrian,9,0.9430094300943009
720,MiddlePhalanxOutlineAgeGroup,0,0.5714285714285714
721,MiddlePhalanxOutlineAgeGroup,1,0.551948051948052
722,MiddlePhalanxOutlineAgeGroup,2,0.5584415584415584
723,MiddlePhalanxOutlineAgeGroup,3,0.5584415584415584
724,MiddlePhalanxOutlineAgeGroup,4,0.551948051948052
725,MiddlePhalanxOutlineAgeGroup,5,0.551948051948052
726,MiddlePhalanxOutlineAgeGroup,6,0.538961038961039
727,MiddlePhalanxOutlineAgeGroup,7,0.5974025974025974
728,MiddlePhalanxOutlineAgeGroup,8,0.5844155844155844
729,MiddlePhalanxOutlineAgeGroup,9,0.5714285714285714
730,MiddlePhalanxOutlineCorrect,0,0.8384879725085911
731,MiddlePhalanxOutlineCorrect,1,0.8350515463917526
732,MiddlePhalanxOutlineCorrect,2,0.8384879725085911
733,MiddlePhalanxOutlineCorrect,3,0.8247422680412371
734,MiddlePhalanxOutlineCorrect,4,0.8384879725085911
735,MiddlePhalanxOutlineCorrect,5,0.8213058419243986
736,MiddlePhalanxOutlineCorrect,6,0.8419243986254296
737,MiddlePhalanxOutlineCorrect,7,0.8247422680412371
738,MiddlePhalanxOutlineCorrect,8,0.8316151202749141
739,MiddlePhalanxOutlineCorrect,9,0.8384879725085911
740,MiddlePhalanxTW,0,0.5714285714285714
741,MiddlePhalanxTW,1,0.551948051948052
742,MiddlePhalanxTW,2,0.577922077922078
743,MiddlePhalanxTW,3,0.5844155844155844
744,MiddlePhalanxTW,4,0.5454545454545454
745,MiddlePhalanxTW,5,0.5194805194805194
746,MiddlePhalanxTW,6,0.5454545454545454
747,MiddlePhalanxTW,7,0.525974025974026
748,MiddlePhalanxTW,8,0.5454545454545454
749,MiddlePhalanxTW,9,0.551948051948052
750,MixedShapesRegularTrain,0,0.9731958762886598
751,MixedShapesRegularTrain,1,0.9727835051546392
752,MixedShapesRegularTrain,2,0.971958762886598
753,MixedShapesRegularTrain,3,0.9698969072164948
754,MixedShapesRegularTrain,4,0.9698969072164948
755,MixedShapesRegularTrain,5,0.9678350515463917
756,MixedShapesRegularTrain,6,0.9715463917525773
757,MixedShapesRegularTrain,7,0.9715463917525773
758,MixedShapesRegularTrain,8,0.9736082474226804
759,MixedShapesRegularTrain,9,0.9703092783505155
760,MixedShapesSmallTrain,0,0.9385567010309278
761,MixedShapesSmallTrain,1,0.9364948453608247
762,MixedShapesSmallTrain,2,0.9381443298969072
763,MixedShapesSmallTrain,3,0.9385567010309278
764,MixedShapesSmallTrain,4,0.9418556701030928
765,MixedShapesSmallTrain,5,0.9377319587628866
766,MixedShapesSmallTrain,6,0.9385567010309278
767,MixedShapesSmallTrain,7,0.9381443298969072
768,MixedShapesSmallTrain,8,0.9352577319587629
769,MixedShapesSmallTrain,9,0.9389690721649484
770,MoteStrain,0,0.9129392971246006
771,MoteStrain,1,0.9145367412140575
772,MoteStrain,2,0.9129392971246006
773,MoteStrain,3,0.9129392971246006
774,MoteStrain,4,0.9169329073482428
775,MoteStrain,5,0.9185303514376997
776,MoteStrain,6,0.9129392971246006
777,MoteStrain,7,0.9185303514376997
778,MoteStrain,8,0.9185303514376997
779,MoteStrain,9,0.9193290734824281
780,NonInvasiveFetalECGThorax1,0,0.9597964376590331
781,NonInvasiveFetalECGThorax1,1,0.9567430025445293
782,NonInvasiveFetalECGThorax1,2,0.9567430025445293
783,NonInvasiveFetalECGThorax1,3,0.9552162849872774
784,NonInvasiveFetalECGThorax1,4,0.9567430025445293
785,NonInvasiveFetalECGThorax1,5,0.95470737913486
786,NonInvasiveFetalECGThorax1,6,0.9572519083969465
787,NonInvasiveFetalECGThorax1,7,0.9557251908396946
788,NonInvasiveFetalECGThorax1,8,0.9572519083969465
789,NonInvasiveFetalECGThorax1,9,0.9577608142493639
790,NonInvasiveFetalECGThorax2,0,0.9694656488549618
791,NonInvasiveFetalECGThorax2,1,0.9669211195928753
792,NonInvasiveFetalECGThorax2,2,0.9684478371501273
793,NonInvasiveFetalECGThorax2,3,0.9643765903307888
794,NonInvasiveFetalECGThorax2,4,0.9689567430025445
795,NonInvasiveFetalECGThorax2,5,0.9674300254452927
796,NonInvasiveFetalECGThorax2,6,0.9659033078880407
797,NonInvasiveFetalECGThorax2,7,0.9684478371501273
798,NonInvasiveFetalECGThorax2,8,0.971501272264631
799,NonInvasiveFetalECGThorax2,9,0.9653944020356234
800,OSULeaf,0,0.9421487603305785
801,OSULeaf,1,0.9297520661157025
802,OSULeaf,2,0.9462809917355371
803,OSULeaf,3,0.9380165289256198
804,OSULeaf,4,0.9380165289256198
805,OSULeaf,5,0.9462809917355371
806,OSULeaf,6,0.9421487603305785
807,OSULeaf,7,0.9380165289256198
808,OSULeaf,8,0.9421487603305785
809,OSULeaf,9,0.9380165289256198
810,OliveOil,0,0.9333333333333333
811,OliveOil,1,0.9333333333333333
812,OliveOil,2,0.9333333333333333
813,OliveOil,3,0.9
814,OliveOil,4,0.9333333333333333
815,OliveOil,5,0.9
816,OliveOil,6,0.9
817,OliveOil,7,0.9333333333333333
818,OliveOil,8,0.9333333333333333
819,OliveOil,9,0.9
820,PLAID,0,0.8379888268156425
821,PLAID,1,0.7337057728119181
822,PLAID,2,0.7299813780260708
823,PLAID,3,0.7355679702048417
824,PLAID,4,0.7467411545623837
825,PLAID,5,0.7355679702048417
826,PLAID,6,0.7318435754189944
827,PLAID,7,0.7318435754189944
828,PLAID,8,0.7877094972067039
829,PLAID,9,0.7262569832402235
830,PhalangesOutlinesCorrect,0,0.8321678321678322
831,PhalangesOutlinesCorrect,1,0.8438228438228438
832,PhalangesOutlinesCorrect,2,0.8368298368298368
833,PhalangesOutlinesCorrect,3,0.831002331002331
834,PhalangesOutlinesCorrect,4,0.8414918414918415
835,PhalangesOutlinesCorrect,5,0.8403263403263403
836,PhalangesOutlinesCorrect,6,0.8426573426573427
837,PhalangesOutlinesCorrect,7,0.837995337995338
838,PhalangesOutlinesCorrect,8,0.8368298368298368
839,PhalangesOutlinesCorrect,9,0.837995337995338
840,Phoneme,0,0.28375527426160335
841,Phoneme,1,0.2842827004219409
842,Phoneme,2,0.2811181434599156
843,Phoneme,3,0.285337552742616
844,Phoneme,4,0.2805907172995781
845,Phoneme,5,0.28375527426160335
846,Phoneme,6,0.27848101265822783
847,Phoneme,7,0.27848101265822783
848,Phoneme,8,0.2790084388185654
849,Phoneme,9,0.28270042194092826
850,PickupGestureWiimoteZ,0,0.8
851,PickupGestureWiimoteZ,1,0.8
852,PickupGestureWiimoteZ,2,0.8
853,PickupGestureWiimoteZ,3,0.8
854,PickupGestureWiimoteZ,4,0.78
855,PickupGestureWiimoteZ,5,0.78
856,PickupGestureWiimoteZ,6,0.78
857,PickupGestureWiimoteZ,7,0.78
858,PickupGestureWiimoteZ,8,0.78
859,PickupGestureWiimoteZ,9,0.8
860,PigAirwayPressure,0,0.8076923076923077
861,PigAirwayPressure,1,0.8028846153846154
862,PigAirwayPressure,2,0.7932692307692307
863,PigAirwayPressure,3,0.8221153846153846
864,PigAirwayPressure,4,0.7980769230769231
865,PigAirwayPressure,5,0.8125
866,PigAirwayPressure,6,0.8125
867,PigAirwayPressure,7,0.8076923076923077
868,PigAirwayPressure,8,0.7980769230769231
869,PigAirwayPressure,9,0.8028846153846154
870,PigArtPressure,0,0.9615384615384616
871,PigArtPressure,1,0.9615384615384616
872,PigArtPressure,2,0.9567307692307693
873,PigArtPressure,3,0.9615384615384616
874,PigArtPressure,4,0.9615384615384616
875,PigArtPressure,5,0.9567307692307693
876,PigArtPressure,6,0.9567307692307693
877,PigArtPressure,7,0.9471153846153846
878,PigArtPressure,8,0.9567307692307693
879,PigArtPressure,9,0.9519230769230769
880,PigCVP,0,0.9326923076923077
881,PigCVP,1,0.9326923076923077
882,PigCVP,2,0.9326923076923077
883,PigCVP,3,0.9326923076923077
884,PigCVP,4,0.9326923076923077
885,PigCVP,5,0.9326923076923077
886,PigCVP,6,0.9326923076923077
887,PigCVP,7,0.9326923076923077
888,PigCVP,8,0.9326923076923077
889,PigCVP,9,0.9326923076923077
890,Plane,0,1.0
891,Plane,1,1.0
892,Plane,2,1.0
893,Plane,3,1.0
894,Plane,4,1.0
895,Plane,5,1.0
896,Plane,6,1.0
897,Plane,7,1.0
898,Plane,8,1.0
899,Plane,9,1.0
900,PowerCons,0,0.9833333333333333
901,PowerCons,1,0.9833333333333333
902,PowerCons,2,0.9833333333333333
903,PowerCons,3,0.9833333333333333
904,PowerCons,4,0.9833333333333333
905,PowerCons,5,0.9833333333333333
906,PowerCons,6,0.9833333333333333
907,PowerCons,7,0.9833333333333333
908,PowerCons,8,0.9833333333333333
909,PowerCons,9,0.9833333333333333
910,ProximalPhalanxOutlineAgeGroup,0,0.8585365853658536
911,ProximalPhalanxOutlineAgeGroup,1,0.8390243902439024
912,ProximalPhalanxOutlineAgeGroup,2,0.8682926829268293
913,ProximalPhalanxOutlineAgeGroup,3,0.8682926829268293
914,ProximalPhalanxOutlineAgeGroup,4,0.8536585365853658
915,ProximalPhalanxOutlineAgeGroup,5,0.8585365853658536
916,ProximalPhalanxOutlineAgeGroup,6,0.8536585365853658
917,ProximalPhalanxOutlineAgeGroup,7,0.8585365853658536
918,ProximalPhalanxOutlineAgeGroup,8,0.8634146341463415
919,ProximalPhalanxOutlineAgeGroup,9,0.848780487804878
920,ProximalPhalanxOutlineCorrect,0,0.9003436426116839
921,ProximalPhalanxOutlineCorrect,1,0.8969072164948454
922,ProximalPhalanxOutlineCorrect,2,0.9037800687285223
923,ProximalPhalanxOutlineCorrect,3,0.9037800687285223
924,ProximalPhalanxOutlineCorrect,4,0.9072164948453608
925,ProximalPhalanxOutlineCorrect,5,0.9037800687285223
926,ProximalPhalanxOutlineCorrect,6,0.9140893470790378
927,ProximalPhalanxOutlineCorrect,7,0.9072164948453608
928,ProximalPhalanxOutlineCorrect,8,0.9003436426116839
929,ProximalPhalanxOutlineCorrect,9,0.9072164948453608
930,ProximalPhalanxTW,0,0.8048780487804879
931,ProximalPhalanxTW,1,0.8
932,ProximalPhalanxTW,2,0.7951219512195122
933,ProximalPhalanxTW,3,0.7951219512195122
934,ProximalPhalanxTW,4,0.8097560975609757
935,ProximalPhalanxTW,5,0.7902439024390244
936,ProximalPhalanxTW,6,0.8097560975609757
937,ProximalPhalanxTW,7,0.8048780487804879
938,ProximalPhalanxTW,8,0.8097560975609757
939,ProximalPhalanxTW,9,0.8048780487804879
940,RefrigerationDevices,0,0.5306666666666666
941,RefrigerationDevices,1,0.536
942,RefrigerationDevices,2,0.5573333333333333
943,RefrigerationDevices,3,0.5253333333333333
944,RefrigerationDevices,4,0.5333333333333333
945,RefrigerationDevices,5,0.5466666666666666
946,RefrigerationDevices,6,0.536
947,RefrigerationDevices,7,0.528
948,RefrigerationDevices,8,0.536
949,RefrigerationDevices,9,0.544
950,Rock,0,0.66
951,Rock,1,0.68
952,Rock,2,0.66
953,Rock,3,0.66
954,Rock,4,0.68
955,Rock,5,0.68
956,Rock,6,0.72
957,Rock,7,0.68
958,Rock,8,0.66
959,Rock,9,0.68
960,ScreenType,0,0.49066666666666664
961,ScreenType,1,0.49866666666666665
962,ScreenType,2,0.4746666666666667
963,ScreenType,3,0.4666666666666667
964,ScreenType,4,0.472
965,ScreenType,5,0.4613333333333333
966,ScreenType,6,0.48
967,ScreenType,7,0.47733333333333333
968,ScreenType,8,0.4826666666666667
969,ScreenType,9,0.52
970,SemgHandGenderCh2,0,0.8916666666666667
971,SemgHandGenderCh2,1,0.8883333333333333
972,SemgHandGenderCh2,2,0.8983333333333333
973,SemgHandGenderCh2,3,0.8933333333333333
974,SemgHandGenderCh2,4,0.9016666666666666
975,SemgHandGenderCh2,5,0.9016666666666666
976,SemgHandGenderCh2,6,0.9
977,SemgHandGenderCh2,7,0.8933333333333333
978,SemgHandGenderCh2,8,0.9016666666666666
979,SemgHandGenderCh2,9,0.8783333333333333
980,SemgHandMovementCh2,0,0.5822222222222222
981,SemgHandMovementCh2,1,0.5977777777777777
982,SemgHandMovementCh2,2,0.6133333333333333
983,SemgHandMovementCh2,3,0.6288888888888889
984,SemgHandMovementCh2,4,0.6044444444444445
985,SemgHandMovementCh2,5,0.5822222222222222
986,SemgHandMovementCh2,6,0.5911111111111111
987,SemgHandMovementCh2,7,0.58
988,SemgHandMovementCh2,8,0.6088888888888889
989,SemgHandMovementCh2,9,0.6
990,SemgHandSubjectCh2,0,0.8422222222222222
991,SemgHandSubjectCh2,1,0.8311111111111111
992,SemgHandSubjectCh2,2,0.84
993,SemgHandSubjectCh2,3,0.8444444444444444
994,SemgHandSubjectCh2,4,0.8466666666666667
995,SemgHandSubjectCh2,5,0.8422222222222222
996,SemgHandSubjectCh2,6,0.8644444444444445
997,SemgHandSubjectCh2,7,0.8377777777777777
998,SemgHandSubjectCh2,8,0.8444444444444444
999,SemgHandSubjectCh2,9,0.8555555555555555
1000,ShakeGestureWiimoteZ,0,0.9
1001,ShakeGestureWiimoteZ,1,0.92
1002,ShakeGestureWiimoteZ,2,0.92
1003,ShakeGestureWiimoteZ,3,0.92
1004,ShakeGestureWiimoteZ,4,0.94
1005,ShakeGestureWiimoteZ,5,0.92
1006,ShakeGestureWiimoteZ,6,0.94
1007,ShakeGestureWiimoteZ,7,0.92
1008,ShakeGestureWiimoteZ,8,0.94
1009,ShakeGestureWiimoteZ,9,0.92
1010,ShapeletSim,0,1.0
1011,ShapeletSim,1,1.0
1012,ShapeletSim,2,1.0
1013,ShapeletSim,3,1.0
1014,ShapeletSim,4,1.0
1015,ShapeletSim,5,1.0
1016,ShapeletSim,6,1.0
1017,ShapeletSim,7,1.0
1018,ShapeletSim,8,1.0
1019,ShapeletSim,9,1.0
1020,ShapesAll,0,0.9066666666666666
1021,ShapesAll,1,0.9033333333333333
1022,ShapesAll,2,0.905
1023,ShapesAll,3,0.91
1024,ShapesAll,4,0.9033333333333333
1025,ShapesAll,5,0.905
1026,ShapesAll,6,0.9033333333333333
1027,ShapesAll,7,0.9033333333333333
1028,ShapesAll,8,0.9083333333333333
1029,ShapesAll,9,0.9083333333333333
1030,SmallKitchenAppliances,0,0.8293333333333334
1031,SmallKitchenAppliances,1,0.824
1032,SmallKitchenAppliances,2,0.816
1033,SmallKitchenAppliances,3,0.824
1034,SmallKitchenAppliances,4,0.8186666666666667
1035,SmallKitchenAppliances,5,0.824
1036,SmallKitchenAppliances,6,0.8213333333333334
1037,SmallKitchenAppliances,7,0.8266666666666667
1038,SmallKitchenAppliances,8,0.824
1039,SmallKitchenAppliances,9,0.8266666666666667
1040,SmoothSubspace,0,0.9733333333333334
1041,SmoothSubspace,1,0.9733333333333334
1042,SmoothSubspace,2,0.9733333333333334
1043,SmoothSubspace,3,0.9733333333333334
1044,SmoothSubspace,4,0.9733333333333334
1045,SmoothSubspace,5,0.9733333333333334
1046,SmoothSubspace,6,0.98
1047,SmoothSubspace,7,0.9733333333333334
1048,SmoothSubspace,8,0.9733333333333334
1049,SmoothSubspace,9,0.9733333333333334
1050,SonyAIBORobotSurface1,0,0.9234608985024958
1051,SonyAIBORobotSurface1,1,0.9201331114808652
1052,SonyAIBORobotSurface1,2,0.9251247920133111
1053,SonyAIBORobotSurface1,3,0.9217970049916805
1054,SonyAIBORobotSurface1,4,0.9251247920133111
1055,SonyAIBORobotSurface1,5,0.9201331114808652
1056,SonyAIBORobotSurface1,6,0.9267886855241264
1057,SonyAIBORobotSurface1,7,0.9217970049916805
1058,SonyAIBORobotSurface1,8,0.9217970049916805
1059,SonyAIBORobotSurface1,9,0.9267886855241264
1060,SonyAIBORobotSurface2,0,0.9233997901364114
1061,SonyAIBORobotSurface2,1,0.9139559286463799
1062,SonyAIBORobotSurface2,2,0.9171038824763903
1063,SonyAIBORobotSurface2,3,0.919202518363064
1064,SonyAIBORobotSurface2,4,0.9097586568730325
1065,SonyAIBORobotSurface2,5,0.9202518363064008
1066,SonyAIBORobotSurface2,6,0.9150052465897167
1067,SonyAIBORobotSurface2,7,0.9181532004197271
1068,SonyAIBORobotSurface2,8,0.9213011542497377
1069,SonyAIBORobotSurface2,9,0.9171038824763903
1070,StarLightCurves,0,0.9810587663914522
1071,StarLightCurves,1,0.9802088392423507
1072,StarLightCurves,2,0.9810587663914522
1073,StarLightCurves,3,0.9797231665857212
1074,StarLightCurves,4,0.9799660029140359
1075,StarLightCurves,5,0.980330257406508
1076,StarLightCurves,6,0.980330257406508
1077,StarLightCurves,7,0.9804516755706654
1078,StarLightCurves,8,0.9809373482272948
1079,StarLightCurves,9,0.9805730937348227
1080,Strawberry,0,0.981081081081081
1081,Strawberry,1,0.981081081081081
1082,Strawberry,2,0.9864864864864865
1083,Strawberry,3,0.981081081081081
1084,Strawberry,4,0.981081081081081
1085,Strawberry,5,0.981081081081081
1086,Strawberry,6,0.981081081081081
1087,Strawberry,7,0.981081081081081
1088,Strawberry,8,0.981081081081081
1089,Strawberry,9,0.981081081081081
1090,SwedishLeaf,0,0.9632
1091,SwedishLeaf,1,0.968
1092,SwedishLeaf,2,0.9648
1093,SwedishLeaf,3,0.9632
1094,SwedishLeaf,4,0.9632
1095,SwedishLeaf,5,0.9616
1096,SwedishLeaf,6,0.968
1097,SwedishLeaf,7,0.9664
1098,SwedishLeaf,8,0.9648
1099,SwedishLeaf,9,0.968
1100,Symbols,0,0.9748743718592965
1101,Symbols,1,0.9748743718592965
1102,Symbols,2,0.9738693467336683
1103,Symbols,3,0.9738693467336683
1104,Symbols,4,0.9738693467336683
1105,Symbols,5,0.9728643216080402
1106,Symbols,6,0.9738693467336683
1107,Symbols,7,0.9728643216080402
1108,Symbols,8,0.9748743718592965
1109,Symbols,9,0.9738693467336683
1110,SyntheticControl,0,1.0
1111,SyntheticControl,1,1.0
1112,SyntheticControl,2,1.0
1113,SyntheticControl,3,1.0
1114,SyntheticControl,4,0.9966666666666667
1115,SyntheticControl,5,1.0
1116,SyntheticControl,6,1.0
1117,SyntheticControl,7,1.0
1118,SyntheticControl,8,1.0
1119,SyntheticControl,9,1.0
1120,ToeSegmentation1,0,0.956140350877193
1121,ToeSegmentation1,1,0.956140350877193
1122,ToeSegmentation1,2,0.9517543859649122
1123,ToeSegmentation1,3,0.9605263157894737
1124,ToeSegmentation1,4,0.9605263157894737
1125,ToeSegmentation1,5,0.956140350877193
1126,ToeSegmentation1,6,0.956140350877193
1127,ToeSegmentation1,7,0.9517543859649122
1128,ToeSegmentation1,8,0.956140350877193
1129,ToeSegmentation1,9,0.9605263157894737
1130,ToeSegmentation2,0,0.9230769230769231
1131,ToeSegmentation2,1,0.9230769230769231
1132,ToeSegmentation2,2,0.9153846153846154
1133,ToeSegmentation2,3,0.9153846153846154
1134,ToeSegmentation2,4,0.9153846153846154
1135,ToeSegmentation2,5,0.9307692307692308
1136,ToeSegmentation2,6,0.9230769230769231
1137,ToeSegmentation2,7,0.9230769230769231
1138,ToeSegmentation2,8,0.9307692307692308
1139,ToeSegmentation2,9,0.9307692307692308
1140,Trace,0,1.0
1141,Trace,1,1.0
1142,Trace,2,1.0
1143,Trace,3,1.0
1144,Trace,4,1.0
1145,Trace,5,1.0
1146,Trace,6,1.0
1147,Trace,7,1.0
1148,Trace,8,1.0
1149,Trace,9,1.0
1150,TwoLeadECG,0,0.9991220368744512
1151,TwoLeadECG,1,0.9991220368744512
1152,TwoLeadECG,2,0.9991220368744512
1153,TwoLeadECG,3,0.9991220368744512
1154,TwoLeadECG,4,0.9991220368744512
1155,TwoLeadECG,5,0.9991220368744512
1156,TwoLeadECG,6,0.9991220368744512
1157,TwoLeadECG,7,0.9991220368744512
1158,TwoLeadECG,8,0.9991220368744512
1159,TwoLeadECG,9,0.9991220368744512
1160,TwoPatterns,0,1.0
1161,TwoPatterns,1,1.0
1162,TwoPatterns,2,1.0
1163,TwoPatterns,3,1.0
1164,TwoPatterns,4,1.0
1165,TwoPatterns,5,1.0
1166,TwoPatterns,6,1.0
1167,TwoPatterns,7,1.0
1168,TwoPatterns,8,1.0
1169,TwoPatterns,9,1.0
1170,UMD,0,0.9861111111111112
1171,UMD,1,0.9861111111111112
1172,UMD,2,0.9861111111111112
1173,UMD,3,0.9861111111111112
1174,UMD,4,0.9861111111111112
1175,UMD,5,0.9861111111111112
1176,UMD,6,0.9861111111111112
1177,UMD,7,0.9861111111111112
1178,UMD,8,0.9861111111111112
1179,UMD,9,0.9861111111111112
1180,UWaveGestureLibraryAll,0,0.9748743718592965
1181,UWaveGestureLibraryAll,1,0.9751535455053043
1182,UWaveGestureLibraryAll,2,0.9759910664433278
1183,UWaveGestureLibraryAll,3,0.9768285873813513
1184,UWaveGestureLibraryAll,4,0.97571189279732
1185,UWaveGestureLibraryAll,5,0.9759910664433278
1186,UWaveGestureLibraryAll,6,0.974036850921273
1187,UWaveGestureLibraryAll,7,0.9762702400893356
1188,UWaveGestureLibraryAll,8,0.9762702400893356
1189,UWaveGestureLibraryAll,9,0.9762702400893356
1190,UWaveGestureLibraryX,0,0.8534338358458962
1191,UWaveGestureLibraryX,1,0.8556672250139586
1192,UWaveGestureLibraryX,2,0.8565047459519821
1193,UWaveGestureLibraryX,3,0.853713009491904
1194,UWaveGestureLibraryX,4,0.8542713567839196
1195,UWaveGestureLibraryX,5,0.8514796203238414
1196,UWaveGestureLibraryX,6,0.855108877721943
1197,UWaveGestureLibraryX,7,0.8567839195979899
1198,UWaveGestureLibraryX,8,0.8562255723059743
1199,UWaveGestureLibraryX,9,0.8528754885538805
1200,UWaveGestureLibraryY,0,0.77749860413177
1201,UWaveGestureLibraryY,1,0.7791736460078169
1202,UWaveGestureLibraryY,2,0.7794528196538246
1203,UWaveGestureLibraryY,3,0.7797319932998324
1204,UWaveGestureLibraryY,4,0.77749860413177
1205,UWaveGestureLibraryY,5,0.7783361250697934
1206,UWaveGestureLibraryY,6,0.7766610831937465
1207,UWaveGestureLibraryY,7,0.7780569514237856
1208,UWaveGestureLibraryY,8,0.7800111669458403
1209,UWaveGestureLibraryY,9,0.77749860413177
1210,UWaveGestureLibraryZ,0,0.7953657174762703
1211,UWaveGestureLibraryZ,1,0.7936906756002233
1212,UWaveGestureLibraryZ,2,0.7931323283082077
1213,UWaveGestureLibraryZ,3,0.7959240647682859
1214,UWaveGestureLibraryZ,4,0.7920156337241765
1215,UWaveGestureLibraryZ,5,0.7936906756002233
1216,UWaveGestureLibraryZ,6,0.7920156337241765
1217,UWaveGestureLibraryZ,7,0.7950865438302624
1218,UWaveGestureLibraryZ,8,0.794249022892239
1219,UWaveGestureLibraryZ,9,0.7970407593523171
1220,Wafer,0,0.9982154445165476
1221,Wafer,1,0.9985399091499026
1222,Wafer,2,0.9983776768332252
1223,Wafer,3,0.9974042829331603
1224,Wafer,4,0.9985399091499026
1225,Wafer,5,0.9987021414665801
1226,Wafer,6,0.9982154445165476
1227,Wafer,7,0.9987021414665801
1228,Wafer,8,0.9982154445165476
1229,Wafer,9,0.9982154445165476
1230,Wine,0,0.8518518518518519
1231,Wine,1,0.7777777777777778
1232,Wine,2,0.8148148148148148
1233,Wine,3,0.8148148148148148
1234,Wine,4,0.8148148148148148
1235,Wine,5,0.7777777777777778
1236,Wine,6,0.8518518518518519
1237,Wine,7,0.7962962962962963
1238,Wine,8,0.8518518518518519
1239,Wine,9,0.8148148148148148
1240,WordSynonyms,0,0.7523510971786834
1241,WordSynonyms,1,0.7507836990595611
1242,WordSynonyms,2,0.7554858934169278
1243,WordSynonyms,3,0.7460815047021944
1244,WordSynonyms,4,0.7523510971786834
1245,WordSynonyms,5,0.7539184952978056
1246,WordSynonyms,6,0.7429467084639498
1247,WordSynonyms,7,0.7460815047021944
1248,WordSynonyms,8,0.7507836990595611
1249,WordSynonyms,9,0.7523510971786834
1250,Worms,0,0.7532467532467533
1251,Worms,1,0.7272727272727273
1252,Worms,2,0.7142857142857143
1253,Worms,3,0.7272727272727273
1254,Worms,4,0.7272727272727273
1255,Worms,5,0.7142857142857143
1256,Worms,6,0.7272727272727273
1257,Worms,7,0.7532467532467533
1258,Worms,8,0.7272727272727273
1259,Worms,9,0.7142857142857143
1260,WormsTwoClass,0,0.7922077922077922
1261,WormsTwoClass,1,0.7922077922077922
1262,WormsTwoClass,2,0.7922077922077922
1263,WormsTwoClass,3,0.7792207792207793
1264,WormsTwoClass,4,0.7792207792207793
1265,WormsTwoClass,5,0.8051948051948052
1266,WormsTwoClass,6,0.8051948051948052
1267,WormsTwoClass,7,0.8051948051948052
1268,WormsTwoClass,8,0.7922077922077922
1269,WormsTwoClass,9,0.7792207792207793
1270,Yoga,0,0.9056666666666666
1271,Yoga,1,0.9056666666666666
1272,Yoga,2,0.9106666666666666
1273,Yoga,3,0.905
1274,Yoga,4,0.91
1275,Yoga,5,0.9093333333333333
1276,Yoga,6,0.914
1277,Yoga,7,0.9073333333333333
1278,Yoga,8,0.91
1279,Yoga,9,0.9103333333333333
