,dataset,num_kernels,accuracy_mean,accuracy_std
0,Adiac,100,0.6813299232736573,0.010862793136365893
1,Adiac,500,0.742455242966752,0.008563002067919784
2,Adiac,1000,0.7601023017902813,0.0068435233556315405
3,Adiac,2500,0.7820971867007673,0.005340310234736862
4,Adiac,5000,0.7849104859335039,0.009934999795168823
5,Adiac,10000,0.7846547314578005,0.006649616368286453
6,ArrowHead,100,0.7828571428571428,0.032223707839706704
7,ArrowHead,500,0.7977142857142858,0.021864144536810275
8,ArrowHead,1000,0.8188571428571428,0.016767315144138525
9,ArrowHead,2500,0.8068571428571427,0.013474086997201842
10,ArrowHead,5000,0.8057142857142857,0.012777531299998802
11,ArrowHead,10000,0.8085714285714285,0.005855400437691188
12,Beef,100,0.77,0.027688746209726955
13,Beef,500,0.8233333333333335,0.03666666666666666
14,Beef,1000,0.8166666666666667,0.030731814857642953
15,Beef,2500,0.8066666666666666,0.019999999999999997
16,Beef,5000,0.8033333333333333,0.009999999999999998
17,Beef,10000,0.7966666666666666,0.01795054935711501
18,BeetleFly,100,0.85,0.07416198487095663
19,BeetleFly,500,0.9049999999999999,0.026925824035672508
20,BeetleFly,1000,0.89,0.020000000000000018
21,BeetleFly,2500,0.8950000000000001,0.015000000000000015
22,BeetleFly,5000,0.9,0.0
23,BeetleFly,10000,0.89,0.020000000000000018
24,BirdChicken,100,0.865,0.03905124837953327
25,BirdChicken,500,0.89,0.029999999999999992
26,BirdChicken,1000,0.8700000000000001,0.039999999999999994
27,BirdChicken,2500,0.9,0.0
28,BirdChicken,5000,0.9,0.0
29,BirdChicken,10000,0.9,0.0
30,CBF,100,0.9958888888888888,0.0032979604621457366
31,CBF,500,0.9995555555555555,0.0007370277311900835
32,CBF,1000,0.9995555555555555,0.0005443310539517937
33,CBF,2500,0.9998888888888888,0.0003333333333333188
34,CBF,5000,0.9998888888888888,0.0003333333333333188
35,CBF,10000,1.0,0.0
36,Car,100,0.8866666666666667,0.014529663145135577
37,Car,500,0.9066666666666666,0.015275252316519466
38,Car,1000,0.8966666666666667,0.012472191289246475
39,Car,2500,0.9033333333333333,0.009999999999999988
40,Car,5000,0.9,0.007453559924999297
41,Car,10000,0.8999999999999998,0.010540925533894595
42,ChlorineConcentration,100,0.5864843750000001,0.012198206879909428
43,ChlorineConcentration,500,0.6713020833333333,0.03617763970442701
44,ChlorineConcentration,1000,0.70359375,0.03290265392664649
45,ChlorineConcentration,2500,0.769296875,0.024482338557798758
46,ChlorineConcentration,5000,0.7962239583333334,0.014418360968900519
47,ChlorineConcentration,10000,0.8118229166666666,0.00635459356489462
48,CinCECGTorso,100,0.7936231884057972,0.04286622362063427
49,CinCECGTorso,500,0.8296376811594202,0.015485729349454679
50,CinCECGTorso,1000,0.838840579710145,0.018687224254729896
51,CinCECGTorso,2500,0.8288405797101449,0.005478567585923413
52,CinCECGTorso,5000,0.8311594202898551,0.004200399056866512
53,CinCECGTorso,10000,0.836014492753623,0.00534515466837972
54,Coffee,100,1.0,0.0
55,Coffee,500,1.0,0.0
56,Coffee,1000,1.0,0.0
57,Coffee,2500,1.0,0.0
58,Coffee,5000,1.0,0.0
59,Coffee,10000,1.0,0.0
60,Computers,100,0.752,0.01983935482821961
61,Computers,500,0.7687999999999999,0.011142710621747305
62,Computers,1000,0.7692,0.012006664815842918
63,Computers,2500,0.7647999999999999,0.011702991070662246
64,Computers,5000,0.7684000000000001,0.011092339699089647
65,Computers,10000,0.7724,0.0065604877867426956
66,CricketX,100,0.7348717948717949,0.011872653233630999
67,CricketX,500,0.7784615384615384,0.006506962841256141
68,CricketX,1000,0.7894871794871795,0.008841507512598299
69,CricketX,2500,0.8087179487179487,0.009400155271704274
70,CricketX,5000,0.8182051282051281,0.006827449720868887
71,CricketX,10000,0.8197435897435896,0.00803100500685426
72,CricketY,100,0.7492307692307693,0.023071224367593846
73,CricketY,500,0.8084615384615385,0.009105272258751138
74,CricketY,1000,0.8279487179487178,0.012267562783493013
75,CricketY,2500,0.8412820512820514,0.008063684714623761
76,CricketY,5000,0.8430769230769231,0.006567306910187514
77,CricketY,10000,0.8515384615384616,0.006827449720868872
78,CricketZ,100,0.7623076923076922,0.008584958483478577
79,CricketZ,500,0.8148717948717948,0.013411996749355892
80,CricketZ,1000,0.8356410256410255,0.010475229854264355
81,CricketZ,2500,0.8451282051282052,0.007536891516255906
82,CricketZ,5000,0.8530769230769231,0.007610677989567097
83,CricketZ,10000,0.8538461538461538,0.006686361441233488
84,DiatomSizeReduction,100,0.9568627450980391,0.012890903871448376
85,DiatomSizeReduction,500,0.9666666666666666,0.008241516479031685
86,DiatomSizeReduction,1000,0.9653594771241829,0.008420979559951056
87,DiatomSizeReduction,2500,0.9679738562091502,0.007705768707550035
88,DiatomSizeReduction,5000,0.9702614379084966,0.006445451935724166
89,DiatomSizeReduction,10000,0.9718954248366012,0.00688604820447889
90,DistalPhalanxOutlineAgeGroup,100,0.7597122302158273,0.018538271549244787
91,DistalPhalanxOutlineAgeGroup,500,0.7517985611510791,0.019898297389840763
92,DistalPhalanxOutlineAgeGroup,1000,0.7510791366906474,0.010275436587831465
93,DistalPhalanxOutlineAgeGroup,2500,0.7453237410071942,0.010275436587831425
94,DistalPhalanxOutlineAgeGroup,5000,0.7489208633093525,0.015580149516336475
95,DistalPhalanxOutlineAgeGroup,10000,0.7453237410071942,0.008011171745079166
96,DistalPhalanxOutlineCorrect,100,0.7615942028985507,0.011884941642649808
97,DistalPhalanxOutlineCorrect,500,0.7626811594202898,0.01386786899203236
98,DistalPhalanxOutlineCorrect,1000,0.7713768115942029,0.012065815800975883
99,DistalPhalanxOutlineCorrect,2500,0.7663043478260869,0.010279899245732688
100,DistalPhalanxOutlineCorrect,5000,0.7692028985507247,0.008109793219420071
101,DistalPhalanxOutlineCorrect,10000,0.7670289855072463,0.009862795354214634
102,DistalPhalanxTW,100,0.6949640287769785,0.017085384297896272
103,DistalPhalanxTW,500,0.7093525179856115,0.01825694610136621
104,DistalPhalanxTW,1000,0.7071942446043165,0.01877408395784157
105,DistalPhalanxTW,2500,0.6942446043165468,0.014478137983811576
106,DistalPhalanxTW,5000,0.6913669064748201,0.00597598839058855
107,DistalPhalanxTW,10000,0.6956834532374101,0.011168471004503603
108,ECG200,100,0.885,0.02459674775249771
109,ECG200,500,0.8880000000000001,0.012489995996796807
110,ECG200,1000,0.8930000000000001,0.013453624047073722
111,ECG200,2500,0.906,0.006633249580710806
112,ECG200,5000,0.9179999999999999,0.0040000000000000036
113,ECG200,10000,0.9189999999999999,0.0030000000000000027
114,ECG5000,100,0.9449555555555555,0.0015840251899730303
115,ECG5000,500,0.9453777777777779,0.0007875575620741907
116,ECG5000,1000,0.9470000000000001,0.0010434983894998934
117,ECG5000,2500,0.9467333333333334,0.0007636817901084269
118,ECG5000,5000,0.9476666666666667,0.0004581228472908366
119,ECG5000,10000,0.9471333333333332,0.0003777777777777991
120,ECGFiveDays,100,0.9997677119628339,0.0006968641114982521
121,ECGFiveDays,500,1.0,0.0
122,ECGFiveDays,1000,1.0,0.0
123,ECGFiveDays,2500,1.0,0.0
124,ECGFiveDays,5000,1.0,0.0
125,ECGFiveDays,10000,1.0,0.0
126,Earthquakes,100,0.7482014388489209,0.0
127,Earthquakes,500,0.7482014388489209,0.0
128,Earthquakes,1000,0.7482014388489209,0.0
129,Earthquakes,2500,0.7489208633093525,0.0021582733812949505
130,Earthquakes,5000,0.7525179856115107,0.00477212200051136
131,Earthquakes,10000,0.7546762589928057,0.00597598839058855
132,ElectricDevices,100,0.7050966152250032,0.01766410702692325
133,ElectricDevices,500,0.7239527947088575,0.007299818137981134
134,ElectricDevices,1000,0.7239527947088574,0.0035283817854479924
135,ElectricDevices,2500,0.7303462585916224,0.002905664591131893
136,ElectricDevices,5000,0.7281805213331605,0.002382816045204164
137,ElectricDevices,10000,0.7294903384774998,0.002660563327400126
138,FaceAll,100,0.9047337278106509,0.019957589570492592
139,FaceAll,500,0.9356804733727809,0.017620920275157027
140,FaceAll,1000,0.9391715976331362,0.009392454399296786
141,FaceAll,2500,0.9434319526627217,0.004135243836604982
142,FaceAll,5000,0.9440828402366863,0.0030431694368340295
143,FaceAll,10000,0.9456213017751478,0.00440778758969554
144,FaceFour,100,0.9522727272727274,0.0122390109253057
145,FaceFour,500,0.9704545454545453,0.0075377836144440834
146,FaceFour,1000,0.9715909090909092,0.005681818181818177
147,FaceFour,2500,0.975,0.004545454545454541
148,FaceFour,5000,0.9761363636363635,0.003409090909090906
149,FaceFour,10000,0.975,0.004545454545454541
150,FacesUCR,100,0.9145365853658538,0.007871060859133647
151,FacesUCR,500,0.954048780487805,0.003226894713861706
152,FacesUCR,1000,0.958731707317073,0.002139679238971837
153,FacesUCR,2500,0.9614146341463414,0.0016678361948564658
154,FacesUCR,5000,0.9615121951219512,0.0007697431140516836
155,FacesUCR,10000,0.9619024390243902,0.000738182729288857
156,FiftyWords,100,0.7162637362637363,0.024639901448432783
157,FiftyWords,500,0.7914285714285715,0.009399298804546414
158,FiftyWords,1000,0.8107692307692307,0.005149615170927446
159,FiftyWords,2500,0.8232967032967032,0.004193139346887684
160,FiftyWords,5000,0.8312087912087913,0.004146804893211698
161,FiftyWords,10000,0.8298901098901098,0.0028145601043661
162,Fish,100,0.9605714285714285,0.0053908463611752055
163,Fish,500,0.9800000000000001,0.005855400437691205
164,Fish,1000,0.9771428571428572,0.009214008855198342
165,Fish,2500,0.9822857142857144,0.004000000000000013
166,Fish,5000,0.9817142857142857,0.0034285714285714475
167,Fish,10000,0.9817142857142857,0.004276179870598797
168,FordA,100,0.9192424242424243,0.00624896685675798
169,FordA,500,0.9347727272727273,0.0032221470178995034
170,FordA,1000,0.937348484848485,0.003161006976518947
171,FordA,2500,0.9386363636363637,0.004285495643554842
172,FordA,5000,0.9365151515151515,0.003367592541044381
173,FordA,10000,0.9395454545454545,0.003962635403218805
174,FordB,100,0.7697530864197532,0.011372106139545035
175,FordB,500,0.7930864197530865,0.008322123232766786
176,FordB,1000,0.791358024691358,0.0050602226004738725
177,FordB,2500,0.7966666666666667,0.0060493827160493785
178,FordB,5000,0.7979012345679013,0.00780906893870048
179,FordB,10000,0.8041975308641977,0.009142473373616594
180,GunPoint,100,0.9946666666666667,0.005811865258054223
181,GunPoint,500,0.998,0.0030550504633039127
182,GunPoint,1000,0.9986666666666666,0.002666666666666684
183,GunPoint,2500,1.0,0.0
184,GunPoint,5000,0.9993333333333332,0.002000000000000013
185,GunPoint,10000,1.0,0.0
186,Ham,100,0.7361904761904763,0.03435178818451702
187,Ham,500,0.7190476190476189,0.023035022137995853
188,Ham,1000,0.7266666666666667,0.022956134844178955
189,Ham,2500,0.7247619047619048,0.030845970934669797
190,Ham,5000,0.7285714285714286,0.020537008240807463
191,Ham,10000,0.7304761904761905,0.015386185163241424
192,HandOutlines,100,0.9237837837837839,0.007231939546086296
193,HandOutlines,500,0.9351351351351352,0.004522486629913902
194,HandOutlines,1000,0.9416216216216217,0.0032432432432432452
195,HandOutlines,2500,0.9416216216216217,0.004221756581571187
196,HandOutlines,5000,0.9418918918918919,0.002769446152962058
197,HandOutlines,10000,0.9429729729729729,0.0018918918918918726
198,Haptics,100,0.5077922077922078,0.017069401854668712
199,Haptics,500,0.5207792207792207,0.012422809395914933
200,Haptics,1000,0.5224025974025973,0.010001897273213876
201,Haptics,2500,0.525,0.007959513423461856
202,Haptics,5000,0.5337662337662338,0.005071590698640683
203,Haptics,10000,0.5344155844155843,0.0075726647985004105
204,Herring,100,0.6578125,0.03727143888086426
205,Herring,500,0.6703125,0.02465583412196797
206,Herring,1000,0.6859375,0.01297909978580949
207,Herring,2500,0.653125,0.025958199571618986
208,Herring,5000,0.6359375,0.017187499999999998
209,Herring,10000,0.6234375,0.02465583412196797
210,InlineSkate,100,0.3976363636363637,0.015809820151511545
211,InlineSkate,500,0.4354545454545454,0.023611875426509953
212,InlineSkate,1000,0.442909090909091,0.006361038430740327
213,InlineSkate,2500,0.46145454545454545,0.007172030153933102
214,InlineSkate,5000,0.47290909090909095,0.007775783556488407
215,InlineSkate,10000,0.47327272727272723,0.005752469825293224
216,InsectWingbeatSound,100,0.6353030303030304,0.00838581575805042
217,InsectWingbeatSound,500,0.6503535353535354,0.004678469049341722
218,InsectWingbeatSound,1000,0.655959595959596,0.0035339102393001877
219,InsectWingbeatSound,2500,0.6604545454545455,0.002545875386086581
220,InsectWingbeatSound,5000,0.6637878787878788,0.00071603267064432
221,InsectWingbeatSound,10000,0.665909090909091,0.002010710023979236
222,ItalyPowerDemand,100,0.9629737609329447,0.004789590487988958
223,ItalyPowerDemand,500,0.9683187560738583,0.0015180271478924597
224,ItalyPowerDemand,1000,0.9686103012633627,0.0008746355685131022
225,ItalyPowerDemand,2500,0.9687074829931974,0.0009521826016649734
226,ItalyPowerDemand,5000,0.9692905733722063,0.001388032736354316
227,ItalyPowerDemand,10000,0.9694849368318759,0.0008906852662693479
228,LargeKitchenAppliances,100,0.8781333333333334,0.011868913644942872
229,LargeKitchenAppliances,500,0.8928,0.007801994047108154
230,LargeKitchenAppliances,1000,0.8925333333333334,0.008266666666666669
231,LargeKitchenAppliances,2500,0.8997333333333334,0.0032000000000000084
232,LargeKitchenAppliances,5000,0.8960000000000001,0.005333333333333318
233,LargeKitchenAppliances,10000,0.8962666666666668,0.006248199740725313
234,Lightning2,100,0.7327868852459016,0.019466134568914606
235,Lightning2,500,0.7639344262295082,0.02099384995879622
236,Lightning2,1000,0.7688524590163934,0.011475409836065587
237,Lightning2,2500,0.760655737704918,0.015024838344117527
238,Lightning2,5000,0.7655737704918033,0.007512419172058762
239,Lightning2,10000,0.7885245901639344,0.011475409836065587
240,Lightning7,100,0.7698630136986301,0.021044234925667416
241,Lightning7,500,0.8136986301369863,0.023085341844318784
242,Lightning7,1000,0.8191780821917808,0.013421861604291393
243,Lightning7,2500,0.8273972602739728,0.016438356164383564
244,Lightning7,5000,0.8273972602739725,0.0125550019039886
245,Lightning7,10000,0.8232876712328766,0.009589041095890415
246,Mallat,100,0.9240511727078891,0.011575999102071109
247,Mallat,500,0.9507462686567164,0.0034446683201286767
248,Mallat,1000,0.9527931769722814,0.0030156822530042035
249,Mallat,2500,0.9567164179104477,0.0018999291607629356
250,Mallat,5000,0.9568443496801706,0.0016493884525214278
251,Mallat,10000,0.9556503198294243,0.0009146102596813378
252,Meat,100,0.9466666666666667,0.019436506316150994
253,Meat,500,0.9416666666666667,0.011180339887498935
254,Meat,1000,0.9466666666666665,0.009999999999999988
255,Meat,2500,0.9466666666666665,0.006666666666666644
256,Meat,5000,0.9483333333333333,0.004999999999999983
257,Meat,10000,0.9499999999999998,1.1102230246251565e-16
258,MedicalImages,100,0.7463157894736843,0.016848271897378024
259,MedicalImages,500,0.7747368421052632,0.00498613034776223
260,MedicalImages,1000,0.7902631578947368,0.0063431425227336745
261,MedicalImages,2500,0.7931578947368421,0.004395603444339506
262,MedicalImages,5000,0.7947368421052632,0.004442616583193186
263,MedicalImages,10000,0.7982894736842107,0.0023574306404169592
264,MiddlePhalanxOutlineAgeGroup,100,0.6350649350649351,0.011902794012872309
265,MiddlePhalanxOutlineAgeGroup,500,0.5967532467532468,0.021818568333001883
266,MiddlePhalanxOutlineAgeGroup,1000,0.5746753246753247,0.01096230065982738
267,MiddlePhalanxOutlineAgeGroup,2500,0.5584415584415584,0.01265817447377788
268,MiddlePhalanxOutlineAgeGroup,5000,0.5545454545454547,0.013987441057492202
269,MiddlePhalanxOutlineAgeGroup,10000,0.561038961038961,0.012388820797622668
270,MiddlePhalanxOutlineCorrect,100,0.8109965635738832,0.01529113090122816
271,MiddlePhalanxOutlineCorrect,500,0.8264604810996563,0.012318521188271418
272,MiddlePhalanxOutlineCorrect,1000,0.8323024054982817,0.011060808893079777
273,MiddlePhalanxOutlineCorrect,2500,0.8326460481099656,0.008967689588109895
274,MiddlePhalanxOutlineCorrect,5000,0.8353951890034363,0.008051803789594475
275,MiddlePhalanxOutlineCorrect,10000,0.8323024054982817,0.012275306597588832
276,MiddlePhalanxTW,100,0.5668831168831169,0.024649679085847157
277,MiddlePhalanxTW,500,0.5571428571428572,0.012921914767618456
278,MiddlePhalanxTW,1000,0.5487012987012987,0.014300464639964447
279,MiddlePhalanxTW,2500,0.5558441558441558,0.010943051653475802
280,MiddlePhalanxTW,5000,0.5493506493506494,0.015421223489659628
281,MiddlePhalanxTW,10000,0.5461038961038961,0.017532467532467535
282,MoteStrain,100,0.9023961661341853,0.012753567831445415
283,MoteStrain,500,0.9119009584664536,0.00506480474839864
284,MoteStrain,1000,0.9159744408945686,0.00548507498830331
285,MoteStrain,2500,0.9154153354632589,0.0051695275160653035
286,MoteStrain,5000,0.9160543130990415,0.002156549520766774
287,MoteStrain,10000,0.915335463258786,0.001636893093603772
288,NonInvasiveFetalECGThorax1,100,0.9052417302798983,0.005331623757235122
289,NonInvasiveFetalECGThorax1,500,0.9217811704834606,0.0030283105438802826
290,NonInvasiveFetalECGThorax1,1000,0.9382188295165393,0.0030635963243343355
291,NonInvasiveFetalECGThorax1,2500,0.9474300254452928,0.002555193936006771
292,NonInvasiveFetalECGThorax1,5000,0.9534351145038169,0.0019478533546060954
293,NonInvasiveFetalECGThorax1,10000,0.954910941475827,0.0024107316605245623
294,NonInvasiveFetalECGThorax2,100,0.9143511450381681,0.006596370050610862
295,NonInvasiveFetalECGThorax2,500,0.9539440203562342,0.0033000494324424505
296,NonInvasiveFetalECGThorax2,1000,0.9557760814249363,0.002579404762844616
297,NonInvasiveFetalECGThorax2,2500,0.9614249363867685,0.0018877594901772492
298,NonInvasiveFetalECGThorax2,5000,0.9653435114503817,0.0022351339700761147
299,NonInvasiveFetalECGThorax2,10000,0.9684478371501273,0.0015767871129597516
300,OSULeaf,100,0.8900826446280992,0.02219127534231
301,OSULeaf,500,0.9318181818181819,0.012011935416321185
302,OSULeaf,1000,0.9280991735537188,0.011861735615212645
303,OSULeaf,2500,0.937190082644628,0.005785123966942129
304,OSULeaf,5000,0.9367768595041321,0.0045454545454545305
305,OSULeaf,10000,0.9384297520661157,0.005973897642479716
306,OliveOil,100,0.9,0.04216370213557838
307,OliveOil,500,0.9066666666666668,0.019999999999999997
308,OliveOil,1000,0.9233333333333335,0.021343747458109488
309,OliveOil,2500,0.9066666666666668,0.01333333333333333
310,OliveOil,5000,0.9166666666666667,0.016666666666666663
311,OliveOil,10000,0.9133333333333334,0.01632993161855452
312,PhalangesOutlinesCorrect,100,0.7713286713286713,0.015747641728722186
313,PhalangesOutlinesCorrect,500,0.8062937062937063,0.009551422493495514
314,PhalangesOutlinesCorrect,1000,0.8125874125874125,0.006751864036345103
315,PhalangesOutlinesCorrect,2500,0.8236596736596736,0.008453700608759253
316,PhalangesOutlinesCorrect,5000,0.8296037296037296,0.005938339954711886
317,PhalangesOutlinesCorrect,10000,0.8346153846153846,0.00745283089918329
318,Phoneme,100,0.2404008438818565,0.004517428925182246
319,Phoneme,500,0.28433544303797464,0.0034298925079934805
320,Phoneme,1000,0.2877109704641351,0.004629648174816128
321,Phoneme,2500,0.2853902953586498,0.004772842492570117
322,Phoneme,5000,0.282753164556962,0.0048766246047315725
323,Phoneme,10000,0.28132911392405063,0.002772877516475731
324,Plane,100,1.0,0.0
325,Plane,500,1.0,0.0
326,Plane,1000,1.0,0.0
327,Plane,2500,1.0,0.0
328,Plane,5000,1.0,0.0
329,Plane,10000,1.0,0.0
330,ProximalPhalanxOutlineAgeGroup,100,0.8502439024390244,0.007251740852350497
331,ProximalPhalanxOutlineAgeGroup,500,0.8560975609756097,0.003932808657706613
332,ProximalPhalanxOutlineAgeGroup,1000,0.8565853658536586,0.004974653183992965
333,ProximalPhalanxOutlineAgeGroup,2500,0.862439024390244,0.005253819324033667
334,ProximalPhalanxOutlineAgeGroup,5000,0.8590243902439024,0.005954417373528641
335,ProximalPhalanxOutlineAgeGroup,10000,0.8580487804878049,0.004601942015637372
336,ProximalPhalanxOutlineCorrect,100,0.863917525773196,0.010996563573883168
337,ProximalPhalanxOutlineCorrect,500,0.8838487972508592,0.008389385302909757
338,ProximalPhalanxOutlineCorrect,1000,0.8862542955326461,0.00848038672113614
339,ProximalPhalanxOutlineCorrect,2500,0.8931271477663231,0.005422588947786789
340,ProximalPhalanxOutlineCorrect,5000,0.9,0.0066011590076627295
341,ProximalPhalanxOutlineCorrect,10000,0.9027491408934708,0.0037800687285223233
342,ProximalPhalanxTW,100,0.8063414634146342,0.011958683582567057
343,ProximalPhalanxTW,500,0.806829268292683,0.009306723916262853
344,ProximalPhalanxTW,1000,0.811219512195122,0.005365853658536542
345,ProximalPhalanxTW,2500,0.8087804878048781,0.014601589802044615
346,ProximalPhalanxTW,5000,0.802439024390244,0.005453824335365346
347,ProximalPhalanxTW,10000,0.8009756097560976,0.008392512455651334
348,RefrigerationDevices,100,0.5088,0.018156847499252483
349,RefrigerationDevices,500,0.5176000000000001,0.0117121020031988
350,RefrigerationDevices,1000,0.5311999999999999,0.01731486195279779
351,RefrigerationDevices,2500,0.5258666666666667,0.012439364042336634
352,RefrigerationDevices,5000,0.5285333333333334,0.008665640964945015
353,RefrigerationDevices,10000,0.5368,0.008686131986614583
354,ScreenType,100,0.4192,0.019332873557751318
355,ScreenType,500,0.4493333333333334,0.021573646474859612
356,ScreenType,1000,0.4453333333333334,0.009540556703999106
357,ScreenType,2500,0.4768,0.014100591004162442
358,ScreenType,5000,0.4930666666666667,0.006999682532483557
359,ScreenType,10000,0.48106666666666664,0.006219682021168326
360,ShapeletSim,100,0.8261111111111109,0.0744133434204669
361,ShapeletSim,500,0.9622222222222222,0.02764412289916608
362,ShapeletSim,1000,0.9916666666666668,0.005121969142940511
363,ShapeletSim,2500,0.9961111111111112,0.004339027597725904
364,ShapeletSim,5000,1.0,0.0
365,ShapeletSim,10000,1.0,0.0
366,ShapesAll,100,0.8443333333333334,0.010005554013202408
367,ShapesAll,500,0.8921666666666667,0.007033649282003051
368,ShapesAll,1000,0.8943333333333335,0.00381517438075318
369,ShapesAll,2500,0.9019999999999999,0.003144660377352195
370,ShapesAll,5000,0.9061666666666666,0.004017323597731338
371,ShapesAll,10000,0.9075,0.0022669117514559065
372,SmallKitchenAppliances,100,0.8154666666666666,0.011238030669709582
373,SmallKitchenAppliances,500,0.8072000000000001,0.011379513756454322
374,SmallKitchenAppliances,1000,0.8194666666666667,0.01180884790692509
375,SmallKitchenAppliances,2500,0.8133333333333332,0.008844332774281063
376,SmallKitchenAppliances,5000,0.8106666666666668,0.006953815898882809
377,SmallKitchenAppliances,10000,0.8165333333333333,0.004888080741286218
378,SonyAIBORobotSurface1,100,0.9041597337770382,0.019463998423813307
379,SonyAIBORobotSurface1,500,0.9221297836938435,0.007283217513557161
380,SonyAIBORobotSurface1,1000,0.9206322795341098,0.008583174959420245
381,SonyAIBORobotSurface1,2500,0.9224625623960065,0.003584136310904825
382,SonyAIBORobotSurface1,5000,0.9191347753743759,0.00453849640498697
383,SonyAIBORobotSurface1,10000,0.9204658901830282,0.0022074041865926103
384,SonyAIBORobotSurface2,100,0.9051416579223505,0.030011960721094404
385,SonyAIBORobotSurface2,500,0.9118572927597061,0.008288947600474935
386,SonyAIBORobotSurface2,1000,0.906610703043022,0.00847287691004675
387,SonyAIBORobotSurface2,2500,0.9133263378803779,0.00345479068901455
388,SonyAIBORobotSurface2,5000,0.9184679958027282,0.0024853555681693695
389,SonyAIBORobotSurface2,10000,0.9196222455403987,0.0030484447106682044
390,StarLightCurves,100,0.9763477416221467,0.0019018906507237774
391,StarLightCurves,500,0.9795774647887324,0.0013724012774108728
392,StarLightCurves,1000,0.9808402136959689,0.0005532193176247893
393,StarLightCurves,2500,0.9809859154929577,0.0005185564959704301
394,StarLightCurves,5000,0.9809252064108792,0.0006389180241341883
395,StarLightCurves,10000,0.9809980573093735,0.00046154875689045016
396,Strawberry,100,0.9554054054054054,0.003254485021295228
397,Strawberry,500,0.9702702702702701,0.004008755938970625
398,Strawberry,1000,0.9732432432432434,0.005465877950312629
399,Strawberry,2500,0.9786486486486486,0.0039072519715678405
400,Strawberry,5000,0.9797297297297296,0.001813028089864676
401,Strawberry,10000,0.981891891891892,0.001730574118225118
402,SwedishLeaf,100,0.91952,0.006637589924061276
403,SwedishLeaf,500,0.9521600000000001,0.006048338614859457
404,SwedishLeaf,1000,0.9592,0.0021762352813976637
405,SwedishLeaf,2500,0.9625600000000001,0.0024992798962901355
406,SwedishLeaf,5000,0.96592,0.00160798009937936
407,SwedishLeaf,10000,0.9651200000000001,0.0021226398658274596
408,Symbols,100,0.9736683417085427,0.0037008950029189963
409,Symbols,500,0.9743718592964825,0.0022133382457834266
410,Symbols,1000,0.9751758793969849,0.0028086811281371068
411,Symbols,2500,0.9736683417085427,0.0007520919370400081
412,Symbols,5000,0.9744723618090452,0.001024928545445813
413,Symbols,10000,0.9740703517587941,0.0006030150753769004
414,SyntheticControl,100,0.9846666666666666,0.007774602526460407
415,SyntheticControl,500,0.9923333333333334,0.00472581562625262
416,SyntheticControl,1000,0.9940000000000001,0.0035901098714230177
417,SyntheticControl,2500,0.9966666666666665,0.0025819888974716277
418,SyntheticControl,5000,0.9986666666666666,0.0016329931618554352
419,SyntheticControl,10000,0.9976666666666667,0.0026034165586355617
420,ToeSegmentation1,100,0.9491228070175438,0.013475694294506332
421,ToeSegmentation1,500,0.9644736842105264,0.0060297048617840195
422,ToeSegmentation1,1000,0.9675438596491228,0.0052631578947368585
423,ToeSegmentation1,2500,0.9653508771929824,0.004137711022831857
424,ToeSegmentation1,5000,0.9631578947368423,0.004472824134730527
425,ToeSegmentation1,10000,0.9570175438596491,0.003282155602433292
426,ToeSegmentation2,100,0.9123076923076925,0.019520888523768487
427,ToeSegmentation2,500,0.9153846153846155,0.018203322409537287
428,ToeSegmentation2,1000,0.9246153846153847,0.011817147304413243
429,ToeSegmentation2,2500,0.9223076923076924,0.00638971066378316
430,ToeSegmentation2,5000,0.9230769230769231,0.006880209161537827
431,ToeSegmentation2,10000,0.9215384615384616,0.004615384615384644
432,Trace,100,1.0,0.0
433,Trace,500,1.0,0.0
434,Trace,1000,1.0,0.0
435,Trace,2500,1.0,0.0
436,Trace,5000,1.0,0.0
437,Trace,10000,1.0,0.0
438,TwoLeadECG,100,0.9985952589991219,0.0009776583604617964
439,TwoLeadECG,500,0.9991220368744512,0.0
440,TwoLeadECG,1000,0.9991220368744512,0.0
441,TwoLeadECG,2500,0.9991220368744512,0.0
442,TwoLeadECG,5000,0.9991220368744512,0.0
443,TwoLeadECG,10000,0.9991220368744512,0.0
444,TwoPatterns,100,0.997325,0.0016622650209879505
445,TwoPatterns,500,1.0,0.0
446,TwoPatterns,1000,1.0,0.0
447,TwoPatterns,2500,1.0,0.0
448,TwoPatterns,5000,1.0,0.0
449,TwoPatterns,10000,1.0,0.0
450,UWaveGestureLibraryAll,100,0.9286152987158012,0.008597505864719052
451,UWaveGestureLibraryAll,500,0.9632886655499722,0.002174151588211897
452,UWaveGestureLibraryAll,1000,0.9681183696259075,0.0024586308047240663
453,UWaveGestureLibraryAll,2500,0.9735064209938582,0.0011608387987879151
454,UWaveGestureLibraryAll,5000,0.9746231155778895,0.0008323870193118911
455,UWaveGestureLibraryAll,10000,0.9756839754327192,0.0006775355164439652
456,UWaveGestureLibraryX,100,0.8105248464544947,0.006963745836911805
457,UWaveGestureLibraryX,500,0.8358458961474037,0.004793339147143436
458,UWaveGestureLibraryX,1000,0.8463707426018985,0.003866429014268634
459,UWaveGestureLibraryX,2500,0.8491066443327749,0.0025287955068580923
460,UWaveGestureLibraryX,5000,0.8526242322724734,0.0020032532887671946
461,UWaveGestureLibraryX,10000,0.855499720826354,0.001334204706348237
462,UWaveGestureLibraryY,100,0.7204075935231714,0.006205258387942295
463,UWaveGestureLibraryY,500,0.7543830262423228,0.002092126632629293
464,UWaveGestureLibraryY,1000,0.7659408151870464,0.0025592778640683086
465,UWaveGestureLibraryY,2500,0.767783361250698,0.004144200896485432
466,UWaveGestureLibraryY,5000,0.7726130653266331,0.0014357778749998662
467,UWaveGestureLibraryY,10000,0.7785036292573981,0.0015949588896801454
468,UWaveGestureLibraryZ,100,0.7313791178112786,0.0101281182297025
469,UWaveGestureLibraryZ,500,0.7726968174204355,0.004189093351625397
470,UWaveGestureLibraryZ,1000,0.781462869905081,0.003592130677044505
471,UWaveGestureLibraryZ,2500,0.7818816303740928,0.0021877312337761088
472,UWaveGestureLibraryZ,5000,0.7907872696817421,0.001473021324206916
473,UWaveGestureLibraryZ,10000,0.7949748743718593,0.0014835656343480238
474,Wafer,100,0.9967391304347828,0.0012343523401445145
475,Wafer,500,0.9972420506164829,0.00171843772574501
476,Wafer,1000,0.9976476314081767,0.0007513650990856023
477,Wafer,2500,0.998069435431538,0.0004068765802720576
478,Wafer,5000,0.9982478909798832,0.00031458013351178357
479,Wafer,10000,0.9982803374432188,0.0002635963142321959
480,Wine,100,0.6944444444444444,0.05870691660795317
481,Wine,500,0.7703703703703703,0.039020939825380525
482,Wine,1000,0.8,0.021596118129056652
483,Wine,2500,0.8111111111111111,0.04444444444444443
484,Wine,5000,0.8222222222222223,0.031207962122875396
485,Wine,10000,0.8055555555555556,0.025187908349510072
486,WordSynonyms,100,0.636050156739812,0.031023398166114123
487,WordSynonyms,500,0.7139498432601881,0.004818315407191036
488,WordSynonyms,1000,0.7355799373040752,0.004808107100369259
489,WordSynonyms,2500,0.7481191222570532,0.0035776527305684293
490,WordSynonyms,5000,0.7521943573667711,0.006739811912225718
491,WordSynonyms,10000,0.75,0.002551539278385539
492,Worms,100,0.6844155844155845,0.037662337662337675
493,Worms,500,0.7428571428571429,0.02892345123548064
494,Worms,1000,0.7363636363636364,0.019306582788725338
495,Worms,2500,0.7155844155844157,0.010787823198594906
496,Worms,5000,0.7311688311688312,0.008315745762899807
497,Worms,10000,0.7324675324675326,0.008614609845078962
498,WormsTwoClass,100,0.7896103896103897,0.028334317180871996
499,WormsTwoClass,500,0.7844155844155845,0.026741896470096112
500,WormsTwoClass,1000,0.7857142857142857,0.024811653473432217
501,WormsTwoClass,2500,0.7896103896103897,0.022343701992318492
502,WormsTwoClass,5000,0.8,0.01446172561774032
503,WormsTwoClass,10000,0.8051948051948052,0.01005969700313615
504,Yoga,100,0.7912,0.011859548426853744
505,Yoga,500,0.8781666666666667,0.008039140363109596
506,Yoga,1000,0.8912000000000001,0.005700292390161506
507,Yoga,2500,0.8977,0.0045152826907933225
508,Yoga,5000,0.9074,0.002950706130177422
509,Yoga,10000,0.9101666666666667,0.004369719034954592
